doc_id,clause,ground,notice_round,notice_type,notice_date,reason_id
kr_1020040038467,29-2-,Rejection_Inventiveness,1,의견제출통지서,2010-10-26,kr_1020040038467__29-2-__r1
kr_1020040038467,29-2-,Rejection_Inventiveness,2,거절결정서,2011-01-28,kr_1020040038467__29-2-__r2
kr_1020040054512,29-2-,Rejection_Inventiveness,1,의견제출통지서,2010-09-28,kr_1020040054512__29-2-__r1
kr_1020040114205,29-2-,Rejection_Inventiveness,1,의견제출통지서,2010-09-29,kr_1020040114205__29-2-__r1
kr_1020040114205,42-3-,Rejection_Disclosure,1,의견제출통지서,2010-09-29,kr_1020040114205__42-3-__r1
kr_1020040114205,42-4-2,Rejection_ClaimRequirements,1,의견제출통지서,2010-09-29,kr_1020040114205__42-4-2__r1
kr_1020050108101,29-2-,Rejection_Inventiveness,1,의견제출통지서,2007-07-24,kr_1020050108101__29-2-__r1
kr_1020060027807,29-2-,Rejection_Inventiveness,1,의견제출통지서,2007-12-12,kr_1020060027807__29-2-__r1
kr_1020060027807,29-2-,Rejection_Inventiveness,2,거절결정서,2008-06-13,kr_1020060027807__29-2-__r2
kr_1020060038703,29-1-2,Rejection_Novelty,1,의견제출통지서,2011-10-10,kr_1020060038703__29-1-2__r1
kr_1020060038703,29-2-,Rejection_Inventiveness,1,의견제출통지서,2011-10-10,kr_1020060038703__29-2-__r1
kr_1020060038703,42-4-2,Rejection_ClaimRequirements,1,의견제출통지서,2011-10-10,kr_1020060038703__42-4-2__r1
kr_1020060077995,29-2-,Rejection_Inventiveness,1,의견제출통지서,2009-04-29,kr_1020060077995__29-2-__r1
kr_1020060077995,29-2-,Rejection_Inventiveness,2,거절결정서,2009-07-22,kr_1020060077995__29-2-__r2
kr_1020060077995,42-4-2,Rejection_ClaimRequirements,1,의견제출통지서,2009-04-29,kr_1020060077995__42-4-2__r1
kr_1020060085753,29-2-,Rejection_Inventiveness,1,의견제출통지서,2009-04-27,kr_1020060085753__29-2-__r1
kr_1020060085753,42-4-2,Rejection_ClaimRequirements,1,의견제출통지서,2009-04-27,kr_1020060085753__42-4-2__r1
kr_1020060085877,29-2-,Rejection_Inventiveness,1,의견제출통지서,2008-01-18,kr_1020060085877__29-2-__r1
kr_1020060085877,29-2-,Rejection_Inventiveness,3,의견제출통지서,2009-01-30,kr_1020060085877__29-2-__r3
kr_1020060096447,29-2-,Rejection_Inventiveness,1,의견제출통지서,2008-11-21,kr_1020060096447__29-2-__r1
kr_1020060096447,42-3-,Rejection_Disclosure,1,의견제출통지서,2008-11-21,kr_1020060096447__42-3-__r1
kr_1020060096447,42-4-2,Rejection_ClaimRequirements,1,의견제출통지서,2008-11-21,kr_1020060096447__42-4-2__r1
kr_1020060096478,29-2-,Rejection_Inventiveness,1,의견제출통지서,2010-04-09,kr_1020060096478__29-2-__r1
kr_1020060106778,29-2-,Rejection_Inventiveness,1,의견제출통지서,2008-10-22,kr_1020060106778__29-2-__r1
kr_1020060118458,29-2-,Rejection_Inventiveness,1,의견제출통지서,2007-10-24,kr_1020060118458__29-2-__r1
kr_1020060118458,29-2-,Rejection_Inventiveness,2,의견제출통지서,2008-03-12,kr_1020060118458__29-2-__r2
kr_1020060118458,42-3-,Rejection_Disclosure,1,의견제출통지서,2007-10-24,kr_1020060118458__42-3-__r1
kr_1020060120920,29-2-,Rejection_Inventiveness,1,의견제출통지서,2009-05-01,kr_1020060120920__29-2-__r1
kr_1020060120920,29-2-,Rejection_Inventiveness,2,거절결정서,2009-11-11,kr_1020060120920__29-2-__r2
kr_1020060121430,29-2-,Rejection_Inventiveness,1,의견제출통지서,2008-09-12,kr_1020060121430__29-2-__r1
kr_1020060132016,29-2-,Rejection_Inventiveness,1,의견제출통지서,2009-01-21,kr_1020060132016__29-2-__r1
kr_1020060132016,29-2-,Rejection_Inventiveness,2,거절결정서,2009-05-19,kr_1020060132016__29-2-__r2
kr_1020060132016,42-3-,Rejection_Disclosure,1,의견제출통지서,2009-01-21,kr_1020060132016__42-3-__r1
kr_1020060132016,42-3-,Rejection_Disclosure,2,거절결정서,2009-05-19,kr_1020060132016__42-3-__r2
kr_1020060132016,42-4-2,Rejection_ClaimRequirements,1,의견제출통지서,2009-01-21,kr_1020060132016__42-4-2__r1
kr_1020060132016,42-4-2,Rejection_ClaimRequirements,2,거절결정서,2009-05-19,kr_1020060132016__42-4-2__r2
kr_1020060136836,29-2-,Rejection_Inventiveness,1,의견제출통지서,2013-02-19,kr_1020060136836__29-2-__r1
kr_1020060136836,42-4-2,Rejection_ClaimRequirements,1,의견제출통지서,2013-02-19,kr_1020060136836__42-4-2__r1
kr_1020070017918,29-2-,Rejection_Inventiveness,2,의견제출통지서,2010-05-31,kr_1020070017918__29-2-__r2
kr_1020070017918,42-4-2,Rejection_ClaimRequirements,1,의견제출통지서,2009-11-27,kr_1020070017918__42-4-2__r1
kr_1020070027189,29-2-,Rejection_Inventiveness,1,의견제출통지서,2008-02-26,kr_1020070027189__29-2-__r1
kr_1020070027189,29-2-,Rejection_Inventiveness,2,거절결정서,2008-08-21,kr_1020070027189__29-2-__r2
kr_1020070045015,29-2-,Rejection_Inventiveness,2,의견제출통지서,2008-09-09,kr_1020070045015__29-2-__r2
kr_1020070045015,29-2-,Rejection_Inventiveness,3,거절결정서,2009-03-09,kr_1020070045015__29-2-__r3
kr_1020070045015,42-4-2,Rejection_ClaimRequirements,1,의견제출통지서,2008-03-20,kr_1020070045015__42-4-2__r1
kr_1020070045018,29-2-,Rejection_Inventiveness,1,의견제출통지서,2009-10-29,kr_1020070045018__29-2-__r1
kr_1020070045018,42-4-2,Rejection_ClaimRequirements,1,의견제출통지서,2009-10-29,kr_1020070045018__42-4-2__r1
kr_1020070052593,29-2-,Rejection_Inventiveness,1,의견제출통지서,2008-03-27,kr_1020070052593__29-2-__r1
kr_1020070052593,29-2-,Rejection_Inventiveness,2,의견제출통지서,2008-09-24,kr_1020070052593__29-2-__r2
kr_1020070052593,42-4-2,Rejection_ClaimRequirements,2,의견제출통지서,2008-09-24,kr_1020070052593__42-4-2__r2
kr_1020070060529,29-2-,Rejection_Inventiveness,1,의견제출통지서,2013-07-18,kr_1020070060529__29-2-__r1
kr_1020070060529,42-4-2,Rejection_ClaimRequirements,1,의견제출통지서,2013-07-18,kr_1020070060529__42-4-2__r1
kr_1020070060573,29-2-,Rejection_Inventiveness,1,의견제출통지서,2013-07-15,kr_1020070060573__29-2-__r1
kr_1020070061231,29-2-,Rejection_Inventiveness,1,의견제출통지서,2013-06-14,kr_1020070061231__29-2-__r1
kr_1020070061231,42-4-2,Rejection_ClaimRequirements,1,의견제출통지서,2013-06-14,kr_1020070061231__42-4-2__r1
kr_1020070062550,29-2-,Rejection_Inventiveness,1,의견제출통지서,2009-10-30,kr_1020070062550__29-2-__r1
kr_1020070062550,42-4-1,Rejection_ClaimRequirements,1,의견제출통지서,2009-10-30,kr_1020070062550__42-4-1__r1
kr_1020070062550,42-4-2,Rejection_ClaimRequirements,1,의견제출통지서,2009-10-30,kr_1020070062550__42-4-2__r1
kr_1020070064330,29-2-,Rejection_Inventiveness,1,의견제출통지서,2009-11-27,kr_1020070064330__29-2-__r1
kr_1020070064330,29-2-,Rejection_Inventiveness,2,거절결정서,2010-05-26,kr_1020070064330__29-2-__r2
kr_1020070065442,29-2-,Rejection_Inventiveness,1,의견제출통지서,2008-11-26,kr_1020070065442__29-2-__r1
kr_1020070065442,42-3-,Rejection_Disclosure,1,의견제출통지서,2008-11-26,kr_1020070065442__42-3-__r1
kr_1020070065442,42-4-1,Rejection_ClaimRequirements,1,의견제출통지서,2008-11-26,kr_1020070065442__42-4-1__r1
kr_1020070065442,42-4-2,Rejection_ClaimRequirements,1,의견제출통지서,2008-11-26,kr_1020070065442__42-4-2__r1
kr_1020070066622,29-1-2,Rejection_Novelty,1,의견제출통지서,2010-11-09,kr_1020070066622__29-1-2__r1
kr_1020070066622,29-2-,Rejection_Inventiveness,1,의견제출통지서,2010-11-09,kr_1020070066622__29-2-__r1
kr_1020070066622,29-2-,Rejection_Inventiveness,2,의견제출통지서,2011-06-30,kr_1020070066622__29-2-__r2
kr_1020070066622,42-4-2,Rejection_ClaimRequirements,1,의견제출통지서,2010-11-09,kr_1020070066622__42-4-2__r1
kr_1020070066622,42-4-2,Rejection_ClaimRequirements,2,의견제출통지서,2011-06-30,kr_1020070066622__42-4-2__r2
kr_1020070070962,29-2-,Rejection_Inventiveness,1,의견제출통지서,2013-09-24,kr_1020070070962__29-2-__r1
kr_1020070070962,29-2-,Rejection_Inventiveness,2,거절결정서,2014-06-27,kr_1020070070962__29-2-__r2
kr_1020070070962,42-3-,Rejection_Disclosure,1,의견제출통지서,2013-09-24,kr_1020070070962__42-3-__r1
kr_1020070070962,42-4-2,Rejection_ClaimRequirements,1,의견제출통지서,2013-09-24,kr_1020070070962__42-4-2__r1
kr_1020070073856,29-2-,Rejection_Inventiveness,1,의견제출통지서,2013-06-14,kr_1020070073856__29-2-__r1
kr_1020070074789,29-2-,Rejection_Inventiveness,1,의견제출통지서,2008-05-26,kr_1020070074789__29-2-__r1
kr_1020070074789,29-2-,Rejection_Inventiveness,2,거절결정서,2008-11-18,kr_1020070074789__29-2-__r2
kr_1020070077510,29-2-,Rejection_Inventiveness,1,의견제출통지서,2013-08-07,kr_1020070077510__29-2-__r1
kr_1020070077633,29-2-,Rejection_Inventiveness,1,의견제출통지서,2011-12-30,kr_1020070077633__29-2-__r1
kr_1020070077633,29-2-,Rejection_Inventiveness,2,거절결정서,2012-08-17,kr_1020070077633__29-2-__r2
kr_1020070077652,29-1-2,Rejection_Novelty,1,의견제출통지서,2013-09-17,kr_1020070077652__29-1-2__r1
kr_1020070077652,29-2-,Rejection_Inventiveness,1,의견제출통지서,2013-09-17,kr_1020070077652__29-2-__r1
kr_1020070079001,29-2-,Rejection_Inventiveness,1,의견제출통지서,2013-10-23,kr_1020070079001__29-2-__r1
kr_1020070079001,42-4-2,Rejection_ClaimRequirements,1,의견제출통지서,2013-10-23,kr_1020070079001__42-4-2__r1
kr_1020070081633,29-2-,Rejection_Inventiveness,1,의견제출통지서,2008-05-27,kr_1020070081633__29-2-__r1
kr_1020070081633,29-2-,Rejection_Inventiveness,2,거절결정서,2008-11-11,kr_1020070081633__29-2-__r2
kr_1020070083414,29-2-,Rejection_Inventiveness,2,의견제출통지서,2009-01-23,kr_1020070083414__29-2-__r2
kr_1020070083414,42-4-2,Rejection_ClaimRequirements,1,의견제출통지서,2008-07-21,kr_1020070083414__42-4-2__r1
kr_1020070097272,29-2-,Rejection_Inventiveness,1,의견제출통지서,2008-06-25,kr_1020070097272__29-2-__r1
kr_1020070097272,29-2-,Rejection_Inventiveness,2,의견제출통지서,2008-12-24,kr_1020070097272__29-2-__r2
kr_1020070097272,29-2-,Rejection_Inventiveness,3,거절결정서,2009-06-22,kr_1020070097272__29-2-__r3
kr_1020070101416,29-2-,Rejection_Inventiveness,1,의견제출통지서,2013-10-22,kr_1020070101416__29-2-__r1
kr_1020070101416,42-4-2,Rejection_ClaimRequirements,1,의견제출통지서,2013-10-22,kr_1020070101416__42-4-2__r1
kr_1020070107981,29-2-,Rejection_Inventiveness,1,의견제출통지서,2008-07-16,kr_1020070107981__29-2-__r1
kr_1020070107981,29-2-,Rejection_Inventiveness,2,거절결정서,2009-02-12,kr_1020070107981__29-2-__r2
kr_1020070109117,29-2-,Rejection_Inventiveness,1,의견제출통지서,2010-10-26,kr_1020070109117__29-2-__r1
kr_1020070109117,42-4-2,Rejection_ClaimRequirements,1,의견제출통지서,2010-10-26,kr_1020070109117__42-4-2__r1
kr_1020070110667,29-2-,Rejection_Inventiveness,1,의견제출통지서,2008-10-24,kr_1020070110667__29-2-__r1
kr_1020070110667,29-2-,Rejection_Inventiveness,2,거절결정서,2009-04-15,kr_1020070110667__29-2-__r2
kr_1020070110667,42-4-2,Rejection_ClaimRequirements,1,의견제출통지서,2008-10-24,kr_1020070110667__42-4-2__r1
kr_1020070110733,29-2-,Rejection_Inventiveness,1,의견제출통지서,2008-10-30,kr_1020070110733__29-2-__r1
kr_1020070110733,29-2-,Rejection_Inventiveness,2,거절결정서,2009-04-22,kr_1020070110733__29-2-__r2
kr_1020070110833,29-2-,Rejection_Inventiveness,1,의견제출통지서,2008-06-30,kr_1020070110833__29-2-__r1
kr_1020070110833,29-2-,Rejection_Inventiveness,2,의견제출통지서,2008-12-30,kr_1020070110833__29-2-__r2
kr_1020070110833,29-2-,Rejection_Inventiveness,3,거절결정서,2009-06-24,kr_1020070110833__29-2-__r3
kr_1020070111157,29-1-2,Rejection_Novelty,1,의견제출통지서,2010-09-17,kr_1020070111157__29-1-2__r1
kr_1020070111157,29-2-,Rejection_Inventiveness,1,의견제출통지서,2010-09-17,kr_1020070111157__29-2-__r1
kr_1020070112958,29-2-,Rejection_Inventiveness,1,의견제출통지서,2010-09-30,kr_1020070112958__29-2-__r1
kr_1020070112958,29-2-,Rejection_Inventiveness,2,의견제출통지서,2010-12-30,kr_1020070112958__29-2-__r2
kr_1020070112958,29-2-,Rejection_Inventiveness,3,거절결정서,2011-04-05,kr_1020070112958__29-2-__r3
kr_1020070112958,42-4-2,Rejection_ClaimRequirements,1,의견제출통지서,2010-09-30,kr_1020070112958__42-4-2__r1
kr_1020070119658,29-2-,Rejection_Inventiveness,1,의견제출통지서,2008-07-30,kr_1020070119658__29-2-__r1
kr_1020070119658,29-2-,Rejection_Inventiveness,2,거절결정서,2009-01-30,kr_1020070119658__29-2-__r2
kr_1020070119813,29-2-,Rejection_Inventiveness,1,의견제출통지서,2009-09-25,kr_1020070119813__29-2-__r1
kr_1020070119813,29-2-,Rejection_Inventiveness,2,거절결정서,2010-03-30,kr_1020070119813__29-2-__r2
kr_1020070120745,29-2-,Rejection_Inventiveness,1,의견제출통지서,2009-08-17,kr_1020070120745__29-2-__r1
kr_1020070120745,42-4-2,Rejection_ClaimRequirements,1,의견제출통지서,2009-08-17,kr_1020070120745__42-4-2__r1
kr_1020070120889,29-2-,Rejection_Inventiveness,1,의견제출통지서,2009-04-29,kr_1020070120889__29-2-__r1
kr_1020070120889,29-2-,Rejection_Inventiveness,2,거절결정서,2009-10-29,kr_1020070120889__29-2-__r2
kr_1020070122636,29-2-,Rejection_Inventiveness,1,의견제출통지서,2010-09-29,kr_1020070122636__29-2-__r1
kr_1020070122636,42-4-2,Rejection_ClaimRequirements,1,의견제출통지서,2010-09-29,kr_1020070122636__42-4-2__r1
kr_1020070126747,29-2-,Rejection_Inventiveness,1,의견제출통지서,2009-08-25,kr_1020070126747__29-2-__r1
kr_1020070126747,29-2-,Rejection_Inventiveness,2,거절결정서,2010-02-11,kr_1020070126747__29-2-__r2
kr_1020070132134,29-2-,Rejection_Inventiveness,1,의견제출통지서,2009-02-02,kr_1020070132134__29-2-__r1
kr_1020070132134,29-2-,Rejection_Inventiveness,2,거절결정서,2009-07-14,kr_1020070132134__29-2-__r2
kr_1020070134305,29-2-,Rejection_Inventiveness,1,의견제출통지서,2009-10-29,kr_1020070134305__29-2-__r1
kr_1020070135864,29-2-,Rejection_Inventiveness,1,의견제출통지서,2009-09-25,kr_1020070135864__29-2-__r1
kr_1020070135864,42-3-,Rejection_Disclosure,1,의견제출통지서,2009-09-25,kr_1020070135864__42-3-__r1
kr_1020070135871,29-2-,Rejection_Inventiveness,1,의견제출통지서,2009-09-29,kr_1020070135871__29-2-__r1
kr_1020070135871,42-4-2,Rejection_ClaimRequirements,1,의견제출통지서,2009-09-29,kr_1020070135871__42-4-2__r1
kr_1020070136090,29-2-,Rejection_Inventiveness,1,의견제출통지서,2009-03-06,kr_1020070136090__29-2-__r1
kr_1020070136090,29-2-,Rejection_Inventiveness,2,거절결정서,2009-09-04,kr_1020070136090__29-2-__r2
kr_1020070136090,42-4-2,Rejection_ClaimRequirements,1,의견제출통지서,2009-03-06,kr_1020070136090__42-4-2__r1
kr_1020070137551,29-2-,Rejection_Inventiveness,1,의견제출통지서,2009-09-29,kr_1020070137551__29-2-__r1
kr_1020070137551,42-4-2,Rejection_ClaimRequirements,1,의견제출통지서,2009-09-29,kr_1020070137551__42-4-2__r1
kr_1020070138573,29-2-,Rejection_Inventiveness,1,의견제출통지서,2010-11-29,kr_1020070138573__29-2-__r1
kr_1020070138573,42-4-2,Rejection_ClaimRequirements,1,의견제출통지서,2010-11-29,kr_1020070138573__42-4-2__r1
kr_1020070138818,29-1-2,Rejection_Novelty,1,의견제출통지서,2009-09-23,kr_1020070138818__29-1-2__r1
kr_1020070138818,29-2-,Rejection_Inventiveness,1,의견제출통지서,2009-09-23,kr_1020070138818__29-2-__r1
kr_1020070139169,29-2-,Rejection_Inventiveness,1,의견제출통지서,2009-01-30,kr_1020070139169__29-2-__r1
kr_1020070139169,29-2-,Rejection_Inventiveness,2,거절결정서,2009-07-28,kr_1020070139169__29-2-__r2
kr_1020070139169,42-4-2,Rejection_ClaimRequirements,1,의견제출통지서,2009-01-30,kr_1020070139169__42-4-2__r1
kr_1020077006288,29-1-2,Rejection_Novelty,1,의견제출통지서,2008-02-26,kr_1020077006288__29-1-2__r1
kr_1020077006288,29-1-2,Rejection_Novelty,2,거절결정서,2008-11-26,kr_1020077006288__29-1-2__r2
kr_1020077006288,29-2-,Rejection_Inventiveness,1,의견제출통지서,2008-02-26,kr_1020077006288__29-2-__r1
kr_1020077006288,29-2-,Rejection_Inventiveness,2,거절결정서,2008-11-26,kr_1020077006288__29-2-__r2
kr_1020077006288,42-3-,Rejection_Disclosure,1,의견제출통지서,2008-02-26,kr_1020077006288__42-3-__r1
kr_1020077023871,29-1-2,Rejection_Novelty,1,의견제출통지서,2012-06-07,kr_1020077023871__29-1-2__r1
kr_1020077023871,29-2-,Rejection_Inventiveness,1,의견제출통지서,2012-06-07,kr_1020077023871__29-2-__r1
kr_1020077023871,42-3-,Rejection_Disclosure,1,의견제출통지서,2012-06-07,kr_1020077023871__42-3-__r1
kr_1020077023871,42-4-1,Rejection_ClaimRequirements,1,의견제출통지서,2012-06-07,kr_1020077023871__42-4-1__r1
kr_1020077024878,29-2-,Rejection_Inventiveness,1,의견제출통지서,2008-07-16,kr_1020077024878__29-2-__r1
kr_1020077024878,29-2-,Rejection_Inventiveness,2,거절결정서,2009-02-12,kr_1020077024878__29-2-__r2
kr_1020077026968,29-2-,Rejection_Inventiveness,1,의견제출통지서,2009-01-23,kr_1020077026968__29-2-__r1
kr_1020077026968,29-2-,Rejection_Inventiveness,2,거절결정서,2009-07-10,kr_1020077026968__29-2-__r2
kr_1020077026968,42-3-,Rejection_Disclosure,1,의견제출통지서,2009-01-23,kr_1020077026968__42-3-__r1
kr_1020077026968,42-4-2,Rejection_ClaimRequirements,1,의견제출통지서,2009-01-23,kr_1020077026968__42-4-2__r1
kr_1020077026968,45,Rejection_UnityOfInvention,1,의견제출통지서,2009-01-23,kr_1020077026968__45__r1
kr_1020077028622,29-1-2,Rejection_Novelty,1,의견제출통지서,2009-09-30,kr_1020077028622__29-1-2__r1
kr_1020077028622,29-2-,Rejection_Inventiveness,1,의견제출통지서,2009-09-30,kr_1020077028622__29-2-__r1
kr_1020077028622,45,Rejection_UnityOfInvention,1,의견제출통지서,2009-09-30,kr_1020077028622__45__r1
kr_1020080003152,29-1-2,Rejection_Novelty,1,의견제출통지서,2009-06-29,kr_1020080003152__29-1-2__r1
kr_1020080003152,29-2-,Rejection_Inventiveness,1,의견제출통지서,2009-06-29,kr_1020080003152__29-2-__r1
kr_1020080003152,29-2-,Rejection_Inventiveness,2,의견제출통지서,2009-12-21,kr_1020080003152__29-2-__r2
kr_1020080003152,29-2-,Rejection_Inventiveness,3,거절결정서,2010-04-15,kr_1020080003152__29-2-__r3
kr_1020080003879,29-2-,Rejection_Inventiveness,1,의견제출통지서,2011-05-18,kr_1020080003879__29-2-__r1
kr_1020080003975,29-1-2,Rejection_Novelty,1,의견제출통지서,2011-04-20,kr_1020080003975__29-1-2__r1
kr_1020080003975,29-2-,Rejection_Inventiveness,1,의견제출통지서,2011-04-20,kr_1020080003975__29-2-__r1
kr_1020080003975,29-2-,Rejection_Inventiveness,2,거절결정서,2011-12-19,kr_1020080003975__29-2-__r2
kr_1020080003975,42-4-2,Rejection_ClaimRequirements,1,의견제출통지서,2011-04-20,kr_1020080003975__42-4-2__r1
kr_1020080011204,29-2-,Rejection_Inventiveness,1,의견제출통지서,2009-11-12,kr_1020080011204__29-2-__r1
kr_1020080011204,29-2-,Rejection_Inventiveness,2,거절결정서,2010-06-10,kr_1020080011204__29-2-__r2
kr_1020080017256,29-2-,Rejection_Inventiveness,1,의견제출통지서,2010-06-10,kr_1020080017256__29-2-__r1
kr_1020080017256,29-2-,Rejection_Inventiveness,2,거절결정서,2010-10-05,kr_1020080017256__29-2-__r2
kr_1020080017301,29-2-,Rejection_Inventiveness,1,의견제출통지서,2010-01-20,kr_1020080017301__29-2-__r1
kr_1020080017693,29-2-,Rejection_Inventiveness,1,의견제출통지서,2010-01-21,kr_1020080017693__29-2-__r1
kr_1020080020588,29-2-,Rejection_Inventiveness,1,의견제출통지서,2014-01-27,kr_1020080020588__29-2-__r1
kr_1020080020589,29-2-,Rejection_Inventiveness,1,의견제출통지서,2014-01-28,kr_1020080020589__29-2-__r1
kr_1020080020701,29-2-,Rejection_Inventiveness,1,의견제출통지서,2011-05-27,kr_1020080020701__29-2-__r1
kr_1020080020701,42-4-2,Rejection_ClaimRequirements,1,의견제출통지서,2011-05-27,kr_1020080020701__42-4-2__r1
kr_1020080020701,42-8-,Rejection_ClaimFormat,1,의견제출통지서,2011-05-27,kr_1020080020701__42-8-__r1
kr_1020080021592,29-2-,Rejection_Inventiveness,1,의견제출통지서,2009-11-26,kr_1020080021592__29-2-__r1
kr_1020080021592,42-4-2,Rejection_ClaimRequirements,1,의견제출통지서,2009-11-26,kr_1020080021592__42-4-2__r1
kr_1020080023547,29-2-,Rejection_Inventiveness,1,의견제출통지서,2009-08-28,kr_1020080023547__29-2-__r1
kr_1020080023972,29-2-,Rejection_Inventiveness,1,의견제출통지서,2014-03-31,kr_1020080023972__29-2-__r1
kr_1020080024348,29-1-1,Rejection_Novelty,1,의견제출통지서,2010-01-28,kr_1020080024348__29-1-1__r1
kr_1020080024348,29-2-,Rejection_Inventiveness,1,의견제출통지서,2010-01-28,kr_1020080024348__29-2-__r1
kr_1020080024617,29-2-,Rejection_Inventiveness,1,의견제출통지서,2009-11-20,kr_1020080024617__29-2-__r1
kr_1020080025439,29-2-,Rejection_Inventiveness,1,의견제출통지서,2010-01-28,kr_1020080025439__29-2-__r1
kr_1020080025439,29-2-,Rejection_Inventiveness,2,거절결정서,2010-06-29,kr_1020080025439__29-2-__r2
kr_1020080027789,29-2-,Rejection_Inventiveness,1,의견제출통지서,2010-01-15,kr_1020080027789__29-2-__r1
kr_1020080027789,42-4-2,Rejection_ClaimRequirements,1,의견제출통지서,2010-01-15,kr_1020080027789__42-4-2__r1
kr_1020080028235,29-2-,Rejection_Inventiveness,1,의견제출통지서,2010-01-15,kr_1020080028235__29-2-__r1
kr_1020080028235,42-4-2,Rejection_ClaimRequirements,1,의견제출통지서,2010-01-15,kr_1020080028235__42-4-2__r1
kr_1020080028321,29-2-,Rejection_Inventiveness,1,의견제출통지서,2009-11-26,kr_1020080028321__29-2-__r1
kr_1020080028321,29-2-,Rejection_Inventiveness,2,거절결정서,2010-04-16,kr_1020080028321__29-2-__r2
kr_1020080028321,42-4-2,Rejection_ClaimRequirements,1,의견제출통지서,2009-11-26,kr_1020080028321__42-4-2__r1
kr_1020080028321,42-4-2,Rejection_ClaimRequirements,2,거절결정서,2010-04-16,kr_1020080028321__42-4-2__r2
kr_1020080028866,29-1-2,Rejection_Novelty,1,의견제출통지서,2011-07-13,kr_1020080028866__29-1-2__r1
kr_1020080028866,29-2-,Rejection_Inventiveness,1,의견제출통지서,2011-07-13,kr_1020080028866__29-2-__r1
kr_1020080029590,29-1-2,Rejection_Novelty,1,의견제출통지서,2010-01-25,kr_1020080029590__29-1-2__r1
kr_1020080029590,29-2-,Rejection_Inventiveness,1,의견제출통지서,2010-01-25,kr_1020080029590__29-2-__r1
kr_1020080029590,42-4-1,Rejection_ClaimRequirements,1,의견제출통지서,2010-01-25,kr_1020080029590__42-4-1__r1
kr_1020080030254,29-1-2,Rejection_Novelty,1,의견제출통지서,2011-04-29,kr_1020080030254__29-1-2__r1
kr_1020080030254,29-2-,Rejection_Inventiveness,1,의견제출통지서,2011-04-29,kr_1020080030254__29-2-__r1
kr_1020080031159,29-2-,Rejection_Inventiveness,1,의견제출통지서,2010-01-22,kr_1020080031159__29-2-__r1
kr_1020080031159,29-2-,Rejection_Inventiveness,2,거절결정서,2010-06-28,kr_1020080031159__29-2-__r2
kr_1020080031804,29-2-,Rejection_Inventiveness,1,의견제출통지서,2009-09-14,kr_1020080031804__29-2-__r1
kr_1020080031804,29-2-,Rejection_Inventiveness,2,의견제출통지서,2010-03-30,kr_1020080031804__29-2-__r2
kr_1020080031804,29-2-,Rejection_Inventiveness,3,거절결정서,2010-10-08,kr_1020080031804__29-2-__r3
kr_1020080031804,45,Rejection_UnityOfInvention,1,의견제출통지서,2009-09-14,kr_1020080031804__45__r1
kr_1020080031804,45,Rejection_UnityOfInvention,2,의견제출통지서,2010-03-30,kr_1020080031804__45__r2
kr_1020080033916,29-1-2,Rejection_Novelty,1,의견제출통지서,2014-03-31,kr_1020080033916__29-1-2__r1
kr_1020080033916,29-2-,Rejection_Inventiveness,1,의견제출통지서,2014-03-31,kr_1020080033916__29-2-__r1
kr_1020080033916,29-2-,Rejection_Inventiveness,2,의견제출통지서,2014-06-27,kr_1020080033916__29-2-__r2
kr_1020080038366,29-2-,Rejection_Inventiveness,1,의견제출통지서,2011-05-26,kr_1020080038366__29-2-__r1
kr_1020080038366,42-4-2,Rejection_ClaimRequirements,1,의견제출통지서,2011-05-26,kr_1020080038366__42-4-2__r1
kr_1020080040909,29-1-2,Rejection_Novelty,1,의견제출통지서,2010-03-17,kr_1020080040909__29-1-2__r1
kr_1020080040909,29-2-,Rejection_Inventiveness,1,의견제출통지서,2010-03-17,kr_1020080040909__29-2-__r1
kr_1020080040909,29-2-,Rejection_Inventiveness,2,의견제출통지서,2010-05-28,kr_1020080040909__29-2-__r2
kr_1020080040909,29-2-,Rejection_Inventiveness,3,거절결정서,2010-11-30,kr_1020080040909__29-2-__r3
kr_1020080040909,42-4-2,Rejection_ClaimRequirements,2,의견제출통지서,2010-05-28,kr_1020080040909__42-4-2__r2
kr_1020080040940,29-2-,Rejection_Inventiveness,1,의견제출통지서,2010-03-18,kr_1020080040940__29-2-__r1
kr_1020080048613,29-1-2,Rejection_Novelty,1,의견제출통지서,2011-05-26,kr_1020080048613__29-1-2__r1
kr_1020080048613,29-2-,Rejection_Inventiveness,1,의견제출통지서,2011-05-26,kr_1020080048613__29-2-__r1
kr_1020080048613,29-2-,Rejection_Inventiveness,2,거절결정서,2012-01-30,kr_1020080048613__29-2-__r2
kr_1020080048613,42-4-2,Rejection_ClaimRequirements,1,의견제출통지서,2011-05-26,kr_1020080048613__42-4-2__r1
kr_1020080049690,29-2-,Rejection_Inventiveness,1,의견제출통지서,2010-02-22,kr_1020080049690__29-2-__r1
kr_1020080050188,29-1-2,Rejection_Novelty,1,의견제출통지서,2014-01-28,kr_1020080050188__29-1-2__r1
kr_1020080050188,29-2-,Rejection_Inventiveness,1,의견제출통지서,2014-01-28,kr_1020080050188__29-2-__r1
kr_1020080050188,29-2-,Rejection_Inventiveness,2,의견제출통지서,2014-04-30,kr_1020080050188__29-2-__r2
kr_1020080050188,29-2-,Rejection_Inventiveness,3,의견제출통지서,2014-07-08,kr_1020080050188__29-2-__r3
kr_1020080050862,29-2-,Rejection_Inventiveness,1,의견제출통지서,2010-02-24,kr_1020080050862__29-2-__r1
kr_1020080052888,29-1-1,Rejection_Novelty,2,의견제출통지서,2010-09-02,kr_1020080052888__29-1-1__r2
kr_1020080052888,29-2-,Rejection_Inventiveness,1,의견제출통지서,2010-03-09,kr_1020080052888__29-2-__r1
kr_1020080052888,29-2-,Rejection_Inventiveness,2,의견제출통지서,2010-09-02,kr_1020080052888__29-2-__r2
kr_1020080052888,29-2-,Rejection_Inventiveness,3,거절결정서,2011-02-28,kr_1020080052888__29-2-__r3
kr_1020080052888,42-4-2,Rejection_ClaimRequirements,1,의견제출통지서,2010-03-09,kr_1020080052888__42-4-2__r1
kr_1020080055333,29-2-,Rejection_Inventiveness,1,의견제출통지서,2008-06-24,kr_1020080055333__29-2-__r1
kr_1020080055333,29-2-,Rejection_Inventiveness,2,거절결정서,2008-09-09,kr_1020080055333__29-2-__r2
kr_1020080057021,29-2-,Rejection_Inventiveness,1,의견제출통지서,2014-03-31,kr_1020080057021__29-2-__r1
kr_1020080062219,29-2-,Rejection_Inventiveness,1,의견제출통지서,2010-04-28,kr_1020080062219__29-2-__r1
kr_1020080062219,29-2-,Rejection_Inventiveness,2,거절결정서,2010-10-07,kr_1020080062219__29-2-__r2
kr_1020080062219,42-4-2,Rejection_ClaimRequirements,1,의견제출통지서,2010-04-28,kr_1020080062219__42-4-2__r1
kr_1020080064782,29-2-,Rejection_Inventiveness,1,의견제출통지서,2010-03-24,kr_1020080064782__29-2-__r1
kr_1020080064782,29-2-,Rejection_Inventiveness,2,거절결정서,2010-09-10,kr_1020080064782__29-2-__r2
kr_1020080064782,42-4-2,Rejection_ClaimRequirements,1,의견제출통지서,2010-03-24,kr_1020080064782__42-4-2__r1
kr_1020080066151,29-2-,Rejection_Inventiveness,1,의견제출통지서,2014-07-31,kr_1020080066151__29-2-__r1
kr_1020080066151,42-4-2,Rejection_ClaimRequirements,1,의견제출통지서,2014-07-31,kr_1020080066151__42-4-2__r1
kr_1020080066912,29-1-2,Rejection_Novelty,1,의견제출통지서,2010-06-14,kr_1020080066912__29-1-2__r1
kr_1020080066912,29-2-,Rejection_Inventiveness,1,의견제출통지서,2010-06-14,kr_1020080066912__29-2-__r1
kr_1020080071369,29-1-,Rejection_Novelty,1,의견제출통지서,2009-10-31,kr_1020080071369__29-1-__r1
kr_1020080071369,29-1-2,Rejection_Novelty,1,의견제출통지서,2009-10-31,kr_1020080071369__29-1-2__r1
kr_1020080071369,29-2-,Rejection_Inventiveness,1,의견제출통지서,2009-10-31,kr_1020080071369__29-2-__r1
kr_1020080071369,42-3-,Rejection_Disclosure,1,의견제출통지서,2009-10-31,kr_1020080071369__42-3-__r1
kr_1020080071369,42-4-1,Rejection_ClaimRequirements,1,의견제출통지서,2009-10-31,kr_1020080071369__42-4-1__r1
kr_1020080071369,45,Rejection_UnityOfInvention,1,의견제출통지서,2009-10-31,kr_1020080071369__45__r1
kr_1020080072806,29-2-,Rejection_Inventiveness,1,의견제출통지서,2010-06-03,kr_1020080072806__29-2-__r1
kr_1020080072806,42-4-2,Rejection_ClaimRequirements,1,의견제출통지서,2010-06-03,kr_1020080072806__42-4-2__r1
kr_1020080075740,29-2-,Rejection_Inventiveness,1,의견제출통지서,2010-05-26,kr_1020080075740__29-2-__r1
kr_1020080075746,29-2-,Rejection_Inventiveness,1,의견제출통지서,2010-05-26,kr_1020080075746__29-2-__r1
kr_1020080075923,29-2-,Rejection_Inventiveness,1,의견제출통지서,2010-05-31,kr_1020080075923__29-2-__r1
kr_1020080075923,29-2-,Rejection_Inventiveness,2,거절결정서,2010-12-27,kr_1020080075923__29-2-__r2
kr_1020080075923,42-4-2,Rejection_ClaimRequirements,1,의견제출통지서,2010-05-31,kr_1020080075923__42-4-2__r1
kr_1020080076052,29-2-,Rejection_Inventiveness,1,의견제출통지서,2010-05-31,kr_1020080076052__29-2-__r1
kr_1020080076052,42-4-2,Rejection_ClaimRequirements,1,의견제출통지서,2010-05-31,kr_1020080076052__42-4-2__r1
kr_1020080077769,29-2-,Rejection_Inventiveness,1,의견제출통지서,2009-10-31,kr_1020080077769__29-2-__r1
kr_1020080077769,42-4-2,Rejection_ClaimRequirements,1,의견제출통지서,2009-10-31,kr_1020080077769__42-4-2__r1
kr_1020080078101,29-2-,Rejection_Inventiveness,1,의견제출통지서,2010-05-25,kr_1020080078101__29-2-__r1
kr_1020080078101,29-2-,Rejection_Inventiveness,2,거절결정서,2010-11-01,kr_1020080078101__29-2-__r2
kr_1020080078406,29-2-,Rejection_Inventiveness,1,의견제출통지서,2010-05-25,kr_1020080078406__29-2-__r1
kr_1020080084451,29-2-,Rejection_Inventiveness,1,의견제출통지서,2010-05-31,kr_1020080084451__29-2-__r1
kr_1020080091526,29-2-,Rejection_Inventiveness,1,의견제출통지서,2010-06-24,kr_1020080091526__29-2-__r1
kr_1020080091526,29-2-,Rejection_Inventiveness,2,거절결정서,2010-12-17,kr_1020080091526__29-2-__r2
kr_1020080091979,29-2-,Rejection_Inventiveness,1,의견제출통지서,2010-08-31,kr_1020080091979__29-2-__r1
kr_1020080091984,29-2-,Rejection_Inventiveness,1,의견제출통지서,2010-08-31,kr_1020080091984__29-2-__r1
kr_1020080091984,42-4-2,Rejection_ClaimRequirements,1,의견제출통지서,2010-08-31,kr_1020080091984__42-4-2__r1
kr_1020080092696,29-2-,Rejection_Inventiveness,1,의견제출통지서,2010-07-06,kr_1020080092696__29-2-__r1
kr_1020080093453,29-2-,Rejection_Inventiveness,1,의견제출통지서,2014-08-27,kr_1020080093453__29-2-__r1
kr_1020080093453,36-2-,Rejection_SameDayFiling,1,의견제출통지서,2014-08-27,kr_1020080093453__36-2-__r1
kr_1020080093453,42-4-2,Rejection_ClaimRequirements,1,의견제출통지서,2014-08-27,kr_1020080093453__42-4-2__r1
kr_1020080093453,42-4-2,Rejection_ClaimRequirements,2,의견제출통지서,2014-11-28,kr_1020080093453__42-4-2__r2
kr_1020080102436,29-2-,Rejection_Inventiveness,1,의견제출통지서,2013-12-23,kr_1020080102436__29-2-__r1
kr_1020080109237,29-2-,Rejection_Inventiveness,1,의견제출통지서,2010-08-27,kr_1020080109237__29-2-__r1
kr_1020080109237,42-4-1,Rejection_ClaimRequirements,1,의견제출통지서,2010-08-27,kr_1020080109237__42-4-1__r1
kr_1020080109237,42-4-1,Rejection_ClaimRequirements,2,거절결정서,2011-02-23,kr_1020080109237__42-4-1__r2
kr_1020080109237,42-4-2,Rejection_ClaimRequirements,1,의견제출통지서,2010-08-27,kr_1020080109237__42-4-2__r1
kr_1020080109284,29-2-,Rejection_Inventiveness,1,의견제출통지서,2010-08-31,kr_1020080109284__29-2-__r1
kr_1020080109284,42-4-2,Rejection_ClaimRequirements,1,의견제출통지서,2010-08-31,kr_1020080109284__42-4-2__r1
kr_1020080109284,42-4-2,Rejection_ClaimRequirements,2,의견제출통지서,2010-11-30,kr_1020080109284__42-4-2__r2
kr_1020080109754,29-1-1,Rejection_Novelty,1,의견제출통지서,2010-08-11,kr_1020080109754__29-1-1__r1
kr_1020080109754,29-2-,Rejection_Inventiveness,1,의견제출통지서,2010-08-11,kr_1020080109754__29-2-__r1
kr_1020080109754,42-4-2,Rejection_ClaimRequirements,1,의견제출통지서,2010-08-11,kr_1020080109754__42-4-2__r1
kr_1020080109757,29-2-,Rejection_Inventiveness,1,의견제출통지서,2010-08-27,kr_1020080109757__29-2-__r1
kr_1020080109757,29-2-,Rejection_Inventiveness,2,거절결정서,2011-02-23,kr_1020080109757__29-2-__r2
kr_1020080110954,29-2-,Rejection_Inventiveness,1,의견제출통지서,2010-08-27,kr_1020080110954__29-2-__r1
kr_1020080110954,29-2-,Rejection_Inventiveness,2,의견제출통지서,2011-02-23,kr_1020080110954__29-2-__r2
kr_1020080111255,29-2-,Rejection_Inventiveness,1,의견제출통지서,2010-08-27,kr_1020080111255__29-2-__r1
kr_1020080111255,29-2-,Rejection_Inventiveness,2,거절결정서,2011-02-24,kr_1020080111255__29-2-__r2
kr_1020080111255,42-3-,Rejection_Disclosure,1,의견제출통지서,2010-08-27,kr_1020080111255__42-3-__r1
kr_1020080111270,29-2-,Rejection_Inventiveness,1,의견제출통지서,2010-08-27,kr_1020080111270__29-2-__r1
kr_1020080111270,42-4-1,Rejection_ClaimRequirements,1,의견제출통지서,2010-08-27,kr_1020080111270__42-4-1__r1
kr_1020080112007,29-2-,Rejection_Inventiveness,1,의견제출통지서,2010-08-16,kr_1020080112007__29-2-__r1
kr_1020080112007,29-2-,Rejection_Inventiveness,2,거절결정서,2011-02-14,kr_1020080112007__29-2-__r2
kr_1020080112007,42-4-1,Rejection_ClaimRequirements,1,의견제출통지서,2010-08-16,kr_1020080112007__42-4-1__r1
kr_1020080112007,42-4-2,Rejection_ClaimRequirements,1,의견제출통지서,2010-08-16,kr_1020080112007__42-4-2__r1
kr_1020080126999,29-2-,Rejection_Inventiveness,1,의견제출통지서,2010-10-01,kr_1020080126999__29-2-__r1
kr_1020080129942,29-2-,Rejection_Inventiveness,1,의견제출통지서,2010-08-30,kr_1020080129942__29-2-__r1
kr_1020080129942,29-2-,Rejection_Inventiveness,2,거절결정서,2010-11-25,kr_1020080129942__29-2-__r2
kr_1020080129942,42-4-2,Rejection_ClaimRequirements,1,의견제출통지서,2010-08-30,kr_1020080129942__42-4-2__r1
kr_1020080133109,29-2-,Rejection_Inventiveness,1,의견제출통지서,2010-09-28,kr_1020080133109__29-2-__r1
kr_1020080133109,29-2-,Rejection_Inventiveness,2,거절결정서,2011-03-23,kr_1020080133109__29-2-__r2
kr_1020080133109,42-4-2,Rejection_ClaimRequirements,1,의견제출통지서,2010-09-28,kr_1020080133109__42-4-2__r1
kr_1020080133137,29-2-,Rejection_Inventiveness,1,의견제출통지서,2010-10-21,kr_1020080133137__29-2-__r1
kr_1020080134269,29-2-,Rejection_Inventiveness,1,의견제출통지서,2010-10-20,kr_1020080134269__29-2-__r1
kr_1020080134269,42-4-2,Rejection_ClaimRequirements,1,의견제출통지서,2010-10-20,kr_1020080134269__42-4-2__r1
kr_1020080134531,29-2-,Rejection_Inventiveness,1,의견제출통지서,2010-11-09,kr_1020080134531__29-2-__r1
kr_1020080134531,29-2-,Rejection_Inventiveness,2,거절결정서,2011-06-27,kr_1020080134531__29-2-__r2
kr_1020080134531,42-4-2,Rejection_ClaimRequirements,1,의견제출통지서,2010-11-09,kr_1020080134531__42-4-2__r1
kr_1020080134531,42-4-2,Rejection_ClaimRequirements,2,거절결정서,2011-06-27,kr_1020080134531__42-4-2__r2
kr_1020080134761,29-2-,Rejection_Inventiveness,1,의견제출통지서,2009-03-25,kr_1020080134761__29-2-__r1
kr_1020080134761,52-1-,Rejection_DivisionalScope,1,의견제출통지서,2009-03-25,kr_1020080134761__52-1-__r1
kr_1020080137964,29-2-,Rejection_Inventiveness,1,의견제출통지서,2010-09-27,kr_1020080137964__29-2-__r1
kr_1020080137964,42-4-2,Rejection_ClaimRequirements,1,의견제출통지서,2010-09-27,kr_1020080137964__42-4-2__r1
kr_1020080138567,29-1-2,Rejection_Novelty,1,의견제출통지서,2014-12-24,kr_1020080138567__29-1-2__r1
kr_1020080138567,29-2-,Rejection_Inventiveness,1,의견제출통지서,2014-12-24,kr_1020080138567__29-2-__r1
kr_1020080138567,42-4-2,Rejection_ClaimRequirements,1,의견제출통지서,2014-12-24,kr_1020080138567__42-4-2__r1
kr_1020087002152,29-2-,Rejection_Inventiveness,1,의견제출통지서,2012-06-21,kr_1020087002152__29-2-__r1
kr_1020087002152,29-2-,Rejection_Inventiveness,2,거절결정서,2013-02-22,kr_1020087002152__29-2-__r2
kr_1020087002152,42-4-2,Rejection_ClaimRequirements,1,의견제출통지서,2012-06-21,kr_1020087002152__42-4-2__r1
kr_1020087009666,29-2-,Rejection_Inventiveness,1,의견제출통지서,2012-12-17,kr_1020087009666__29-2-__r1
kr_1020087009666,29-2-,Rejection_Inventiveness,2,거절결정서,2013-06-26,kr_1020087009666__29-2-__r2
kr_1020087009666,42-3-,Rejection_Disclosure,1,의견제출통지서,2012-12-17,kr_1020087009666__42-3-__r1
kr_1020087009666,42-4-2,Rejection_ClaimRequirements,1,의견제출통지서,2012-12-17,kr_1020087009666__42-4-2__r1
kr_1020087009666,47-2-,Rejection_AmendmentScope,1,의견제출통지서,2012-12-17,kr_1020087009666__47-2-__r1
kr_1020087010493,29-2-,Rejection_Inventiveness,1,의견제출통지서,2010-02-03,kr_1020087010493__29-2-__r1
kr_1020087010493,42-4-2,Rejection_ClaimRequirements,1,의견제출통지서,2010-02-03,kr_1020087010493__42-4-2__r1
kr_1020087013367,29-2-,Rejection_Inventiveness,1,의견제출통지서,2012-12-13,kr_1020087013367__29-2-__r1
kr_1020087013367,42-4-2,Rejection_ClaimRequirements,1,의견제출통지서,2012-12-13,kr_1020087013367__42-4-2__r1
kr_1020087029146,29-1-2,Rejection_Novelty,1,의견제출통지서,2010-09-20,kr_1020087029146__29-1-2__r1
kr_1020087029146,29-2-,Rejection_Inventiveness,1,의견제출통지서,2010-09-20,kr_1020087029146__29-2-__r1
kr_1020087029146,29-2-,Rejection_Inventiveness,2,거절결정서,2011-02-25,kr_1020087029146__29-2-__r2
kr_1020090000944,29-1-2,Rejection_Novelty,1,의견제출통지서,2014-11-28,kr_1020090000944__29-1-2__r1
kr_1020090000944,29-2-,Rejection_Inventiveness,1,의견제출통지서,2014-11-28,kr_1020090000944__29-2-__r1
kr_1020090000944,29-2-,Rejection_Inventiveness,2,거절결정서,2015-02-23,kr_1020090000944__29-2-__r2
kr_1020090005062,29-2-,Rejection_Inventiveness,1,의견제출통지서,2010-11-17,kr_1020090005062__29-2-__r1
kr_1020090005062,42-4-2,Rejection_ClaimRequirements,1,의견제출통지서,2010-11-17,kr_1020090005062__42-4-2__r1
kr_1020090005381,29-2-,Rejection_Inventiveness,1,의견제출통지서,2010-12-14,kr_1020090005381__29-2-__r1
kr_1020090005381,42-4-2,Rejection_ClaimRequirements,1,의견제출통지서,2010-12-14,kr_1020090005381__42-4-2__r1
kr_1020090005381,42-8-,Rejection_ClaimFormat,1,의견제출통지서,2010-12-14,kr_1020090005381__42-8-__r1
kr_1020090005638,29-2-,Rejection_Inventiveness,1,의견제출통지서,2010-10-26,kr_1020090005638__29-2-__r1
kr_1020090005638,42-4-1,Rejection_ClaimRequirements,2,의견제출통지서,2011-01-28,kr_1020090005638__42-4-1__r2
kr_1020090005638,42-4-2,Rejection_ClaimRequirements,1,의견제출통지서,2010-10-26,kr_1020090005638__42-4-2__r1
kr_1020090005638,42-4-2,Rejection_ClaimRequirements,2,의견제출통지서,2011-01-28,kr_1020090005638__42-4-2__r2
kr_1020090005817,29-2-,Rejection_Inventiveness,1,의견제출통지서,2010-10-26,kr_1020090005817__29-2-__r1
kr_1020090008804,29-2-,Rejection_Inventiveness,1,의견제출통지서,2010-12-16,kr_1020090008804__29-2-__r1
kr_1020090008804,29-2-,Rejection_Inventiveness,2,거절결정서,2011-08-29,kr_1020090008804__29-2-__r2
kr_1020090012467,29-2-,Rejection_Inventiveness,1,의견제출통지서,2011-01-28,kr_1020090012467__29-2-__r1
kr_1020090012467,29-2-,Rejection_Inventiveness,2,거절결정서,2011-09-29,kr_1020090012467__29-2-__r2
kr_1020090012467,42-4-2,Rejection_ClaimRequirements,1,의견제출통지서,2011-01-28,kr_1020090012467__42-4-2__r1
kr_1020090012467,42-8-,Rejection_ClaimFormat,1,의견제출통지서,2011-01-28,kr_1020090012467__42-8-__r1
kr_1020090015710,29-2-,Rejection_Inventiveness,1,의견제출통지서,2010-11-25,kr_1020090015710__29-2-__r1
kr_1020090015710,42-4-2,Rejection_ClaimRequirements,1,의견제출통지서,2010-11-25,kr_1020090015710__42-4-2__r1
kr_1020090025243,29-2-,Rejection_Inventiveness,1,의견제출통지서,2012-05-23,kr_1020090025243__29-2-__r1
kr_1020090025243,42-4-2,Rejection_ClaimRequirements,1,의견제출통지서,2012-05-23,kr_1020090025243__42-4-2__r1
kr_1020090026860,29-2-,Rejection_Inventiveness,1,의견제출통지서,2011-01-25,kr_1020090026860__29-2-__r1
kr_1020090026860,29-2-,Rejection_Inventiveness,2,거절결정서,2011-11-23,kr_1020090026860__29-2-__r2
kr_1020090027352,29-2-,Rejection_Inventiveness,1,의견제출통지서,2010-11-25,kr_1020090027352__29-2-__r1
kr_1020090027352,29-2-,Rejection_Inventiveness,2,거절결정서,2011-07-25,kr_1020090027352__29-2-__r2
kr_1020090027352,42-4-2,Rejection_ClaimRequirements,1,의견제출통지서,2010-11-25,kr_1020090027352__42-4-2__r1
kr_1020090028219,29-2-,Rejection_Inventiveness,1,의견제출통지서,2015-08-25,kr_1020090028219__29-2-__r1
kr_1020090030003,29-2-,Rejection_Inventiveness,1,의견제출통지서,2014-12-31,kr_1020090030003__29-2-__r1
kr_1020090030006,29-2-,Rejection_Inventiveness,1,의견제출통지서,2014-12-31,kr_1020090030006__29-2-__r1
kr_1020090031897,29-1-2,Rejection_Novelty,1,의견제출통지서,2011-03-04,kr_1020090031897__29-1-2__r1
kr_1020090031897,29-2-,Rejection_Inventiveness,1,의견제출통지서,2011-03-04,kr_1020090031897__29-2-__r1
kr_1020090031897,29-2-,Rejection_Inventiveness,2,거절결정서,2011-11-23,kr_1020090031897__29-2-__r2
kr_1020090035063,29-1-2,Rejection_Novelty,1,의견제출통지서,2014-06-25,kr_1020090035063__29-1-2__r1
kr_1020090035063,29-2-,Rejection_Inventiveness,1,의견제출통지서,2014-06-25,kr_1020090035063__29-2-__r1
kr_1020090035063,42-4-2,Rejection_ClaimRequirements,1,의견제출통지서,2014-06-25,kr_1020090035063__42-4-2__r1
kr_1020090041213,29-2-,Rejection_Inventiveness,1,의견제출통지서,2014-12-09,kr_1020090041213__29-2-__r1
kr_1020090041249,29-2-,Rejection_Inventiveness,1,의견제출통지서,2014-11-26,kr_1020090041249__29-2-__r1
kr_1020090045491,29-2-,Rejection_Inventiveness,1,의견제출통지서,2011-05-02,kr_1020090045491__29-2-__r1
kr_1020090045491,29-2-,Rejection_Inventiveness,2,의견제출통지서,2012-01-13,kr_1020090045491__29-2-__r2
kr_1020090045491,29-2-,Rejection_Inventiveness,3,거절결정서,2012-09-01,kr_1020090045491__29-2-__r3
kr_1020090045491,42-4-2,Rejection_ClaimRequirements,1,의견제출통지서,2011-05-02,kr_1020090045491__42-4-2__r1
kr_1020090045491,42-4-2,Rejection_ClaimRequirements,2,의견제출통지서,2012-01-13,kr_1020090045491__42-4-2__r2
kr_1020090047329,29-2-,Rejection_Inventiveness,1,의견제출통지서,2011-03-21,kr_1020090047329__29-2-__r1
kr_1020090051980,29-2-,Rejection_Inventiveness,1,의견제출통지서,2013-06-26,kr_1020090051980__29-2-__r1
kr_1020090055948,29-2-,Rejection_Inventiveness,1,의견제출통지서,2011-03-10,kr_1020090055948__29-2-__r1
kr_1020090055948,29-3-,Rejection_ExpandedPriorFiling,1,의견제출통지서,2011-03-10,kr_1020090055948__29-3-__r1
kr_1020090055948,42-4-1,Rejection_ClaimRequirements,1,의견제출통지서,2011-03-10,kr_1020090055948__42-4-1__r1
kr_1020090055948,42-4-2,Rejection_ClaimRequirements,1,의견제출통지서,2011-03-10,kr_1020090055948__42-4-2__r1
kr_1020090057673,29-1-2,Rejection_Novelty,1,의견제출통지서,2015-03-23,kr_1020090057673__29-1-2__r1
kr_1020090057673,29-1-2,Rejection_Novelty,2,거절결정서,2015-05-29,kr_1020090057673__29-1-2__r2
kr_1020090057673,29-2-,Rejection_Inventiveness,1,의견제출통지서,2015-03-23,kr_1020090057673__29-2-__r1
kr_1020090057673,29-2-,Rejection_Inventiveness,2,거절결정서,2015-05-29,kr_1020090057673__29-2-__r2
kr_1020090059159,29-2-,Rejection_Inventiveness,1,의견제출통지서,2011-03-25,kr_1020090059159__29-2-__r1
kr_1020090059161,29-2-,Rejection_Inventiveness,1,의견제출통지서,2011-04-08,kr_1020090059161__29-2-__r1
kr_1020090059161,29-2-,Rejection_Inventiveness,2,거절결정서,2011-12-09,kr_1020090059161__29-2-__r2
kr_1020090059164,29-2-,Rejection_Inventiveness,1,의견제출통지서,2011-01-18,kr_1020090059164__29-2-__r1
kr_1020090067518,29-2-,Rejection_Inventiveness,1,의견제출통지서,2011-03-16,kr_1020090067518__29-2-__r1
kr_1020090067518,29-2-,Rejection_Inventiveness,2,거절결정서,2011-11-29,kr_1020090067518__29-2-__r2
kr_1020090080425,29-1-2,Rejection_Novelty,1,의견제출통지서,2011-08-24,kr_1020090080425__29-1-2__r1
kr_1020090080425,29-2-,Rejection_Inventiveness,1,의견제출통지서,2011-08-24,kr_1020090080425__29-2-__r1
kr_1020090080425,42-3-,Rejection_Disclosure,1,의견제출통지서,2011-08-24,kr_1020090080425__42-3-__r1
kr_1020090080425,42-4-2,Rejection_ClaimRequirements,1,의견제출통지서,2011-08-24,kr_1020090080425__42-4-2__r1
kr_1020090089522,29-1-2,Rejection_Novelty,1,의견제출통지서,2011-04-12,kr_1020090089522__29-1-2__r1
kr_1020090089522,29-2-,Rejection_Inventiveness,1,의견제출통지서,2011-04-12,kr_1020090089522__29-2-__r1
kr_1020090089522,42-4-2,Rejection_ClaimRequirements,1,의견제출통지서,2011-04-12,kr_1020090089522__42-4-2__r1
kr_1020090093614,29-2-,Rejection_Inventiveness,1,의견제출통지서,2011-01-28,kr_1020090093614__29-2-__r1
kr_1020090101591,29-2-,Rejection_Inventiveness,1,의견제출통지서,2011-05-23,kr_1020090101591__29-2-__r1
kr_1020090101591,29-2-,Rejection_Inventiveness,2,거절결정서,2012-01-31,kr_1020090101591__29-2-__r2
kr_1020090101591,42-4-2,Rejection_ClaimRequirements,1,의견제출통지서,2011-05-23,kr_1020090101591__42-4-2__r1
kr_1020090110594,29-2-,Rejection_Inventiveness,1,의견제출통지서,2015-03-31,kr_1020090110594__29-2-__r1
kr_1020090110594,29-2-,Rejection_Inventiveness,2,거절결정서,2015-06-19,kr_1020090110594__29-2-__r2
kr_1020090126150,29-1-2,Rejection_Novelty,1,의견제출통지서,2015-09-25,kr_1020090126150__29-1-2__r1
kr_1020090126150,29-2-,Rejection_Inventiveness,1,의견제출통지서,2015-09-25,kr_1020090126150__29-2-__r1
kr_1020090126150,42-4-1,Rejection_ClaimRequirements,1,의견제출통지서,2015-09-25,kr_1020090126150__42-4-1__r1
kr_1020090126150,42-4-2,Rejection_ClaimRequirements,1,의견제출통지서,2015-09-25,kr_1020090126150__42-4-2__r1
kr_1020090126150,42-8-,Rejection_ClaimFormat,1,의견제출통지서,2015-09-25,kr_1020090126150__42-8-__r1
kr_1020090134121,29-2-,Rejection_Inventiveness,1,의견제출통지서,2011-04-29,kr_1020090134121__29-2-__r1
kr_1020097015911,29-2-,Rejection_Inventiveness,1,의견제출통지서,2011-04-27,kr_1020097015911__29-2-__r1
kr_1020097015911,42-4-2,Rejection_ClaimRequirements,1,의견제출통지서,2011-04-27,kr_1020097015911__42-4-2__r1
kr_1020097022840,29-1-2,Rejection_Novelty,1,의견제출통지서,2014-11-03,kr_1020097022840__29-1-2__r1
kr_1020097022840,29-2-,Rejection_Inventiveness,1,의견제출통지서,2014-11-03,kr_1020097022840__29-2-__r1
kr_1020097022840,42-3-,Rejection_Disclosure,1,의견제출통지서,2014-11-03,kr_1020097022840__42-3-__r1
kr_1020097022840,42-4-1,Rejection_ClaimRequirements,1,의견제출통지서,2014-11-03,kr_1020097022840__42-4-1__r1
kr_1020097022840,42-4-2,Rejection_ClaimRequirements,1,의견제출통지서,2014-11-03,kr_1020097022840__42-4-2__r1
kr_1020100002908,29-2-,Rejection_Inventiveness,2,의견제출통지서,2011-12-14,kr_1020100002908__29-2-__r2
kr_1020100002908,29-2-,Rejection_Inventiveness,3,거절결정서,2012-08-30,kr_1020100002908__29-2-__r3
kr_1020100002908,42-4-2,Rejection_ClaimRequirements,1,의견제출통지서,2011-03-10,kr_1020100002908__42-4-2__r1
kr_1020100005621,29-2-,Rejection_Inventiveness,1,의견제출통지서,2011-04-20,kr_1020100005621__29-2-__r1
kr_1020100005621,29-2-,Rejection_Inventiveness,2,거절결정서,2012-02-10,kr_1020100005621__29-2-__r2
kr_1020100013724,29-2-,Rejection_Inventiveness,1,의견제출통지서,2011-04-20,kr_1020100013724__29-2-__r1
kr_1020100013724,29-2-,Rejection_Inventiveness,2,거절결정서,2011-12-27,kr_1020100013724__29-2-__r2
kr_1020100013724,42-3-,Rejection_Disclosure,1,의견제출통지서,2011-04-20,kr_1020100013724__42-3-__r1
kr_1020100013724,42-4-2,Rejection_ClaimRequirements,1,의견제출통지서,2011-04-20,kr_1020100013724__42-4-2__r1
kr_1020100014182,29-1-2,Rejection_Novelty,1,의견제출통지서,2011-04-27,kr_1020100014182__29-1-2__r1
kr_1020100014182,29-2-,Rejection_Inventiveness,1,의견제출통지서,2011-04-27,kr_1020100014182__29-2-__r1
kr_1020100014182,29-2-,Rejection_Inventiveness,2,거절결정서,2011-12-27,kr_1020100014182__29-2-__r2
kr_1020100014182,42-8-,Rejection_ClaimFormat,1,의견제출통지서,2011-04-27,kr_1020100014182__42-8-__r1
kr_1020100014987,29-2-,Rejection_Inventiveness,1,의견제출통지서,2011-04-25,kr_1020100014987__29-2-__r1
kr_1020100019729,29-2-,Rejection_Inventiveness,1,의견제출통지서,2015-12-02,kr_1020100019729__29-2-__r1
kr_1020100024200,29-1-2,Rejection_Novelty,1,의견제출통지서,2011-06-28,kr_1020100024200__29-1-2__r1
kr_1020100024200,29-1-2,Rejection_Novelty,2,거절결정서,2011-11-30,kr_1020100024200__29-1-2__r2
kr_1020100024200,29-2-,Rejection_Inventiveness,1,의견제출통지서,2011-06-28,kr_1020100024200__29-2-__r1
kr_1020100024200,29-2-,Rejection_Inventiveness,2,거절결정서,2011-11-30,kr_1020100024200__29-2-__r2
kr_1020100024200,42-4-2,Rejection_ClaimRequirements,1,의견제출통지서,2011-06-28,kr_1020100024200__42-4-2__r1
kr_1020100024497,29-2-,Rejection_Inventiveness,1,의견제출통지서,2012-03-13,kr_1020100024497__29-2-__r1
kr_1020100024497,42-3-,Rejection_Disclosure,1,의견제출통지서,2012-03-13,kr_1020100024497__42-3-__r1
kr_1020100024497,42-4-2,Rejection_ClaimRequirements,1,의견제출통지서,2012-03-13,kr_1020100024497__42-4-2__r1
kr_1020100025878,29-2-,Rejection_Inventiveness,1,의견제출통지서,2016-03-15,kr_1020100025878__29-2-__r1
kr_1020100025878,29-2-,Rejection_Inventiveness,2,의견제출통지서,2016-07-26,kr_1020100025878__29-2-__r2
kr_1020100028136,29-2-,Rejection_Inventiveness,1,의견제출통지서,2016-06-01,kr_1020100028136__29-2-__r1
kr_1020100035424,29-1-2,Rejection_Novelty,1,의견제출통지서,2016-03-11,kr_1020100035424__29-1-2__r1
kr_1020100035424,29-2-,Rejection_Inventiveness,1,의견제출통지서,2016-03-11,kr_1020100035424__29-2-__r1
kr_1020100035424,42-4-2,Rejection_ClaimRequirements,1,의견제출통지서,2016-03-11,kr_1020100035424__42-4-2__r1
kr_1020100039538,29-2-,Rejection_Inventiveness,1,의견제출통지서,2016-02-03,kr_1020100039538__29-2-__r1
kr_1020100039538,29-2-,Rejection_Inventiveness,2,의견제출통지서,2016-04-19,kr_1020100039538__29-2-__r2
kr_1020100039538,29-2-,Rejection_Inventiveness,3,거절결정서,2016-08-09,kr_1020100039538__29-2-__r3
kr_1020100039538,42-4-2,Rejection_ClaimRequirements,1,의견제출통지서,2016-02-03,kr_1020100039538__42-4-2__r1
kr_1020100039538,42-4-2,Rejection_ClaimRequirements,2,의견제출통지서,2016-04-19,kr_1020100039538__42-4-2__r2
kr_1020100039538,45,Rejection_UnityOfInvention,1,의견제출통지서,2016-02-03,kr_1020100039538__45__r1
kr_1020100040171,29-2-,Rejection_Inventiveness,1,의견제출통지서,2016-03-22,kr_1020100040171__29-2-__r1
kr_1020100050403,29-2-,Rejection_Inventiveness,2,거절결정서,2012-02-10,kr_1020100050403__29-2-__r2
kr_1020100051963,29-1-2,Rejection_Novelty,1,의견제출통지서,2016-09-08,kr_1020100051963__29-1-2__r1
kr_1020100051963,29-2-,Rejection_Inventiveness,1,의견제출통지서,2016-09-08,kr_1020100051963__29-2-__r1
kr_1020100051963,29-2-,Rejection_Inventiveness,2,거절결정서,2017-05-10,kr_1020100051963__29-2-__r2
kr_1020100054799,29-2-,Rejection_Inventiveness,1,의견제출통지서,2011-08-30,kr_1020100054799__29-2-__r1
kr_1020100055663,29-2-,Rejection_Inventiveness,1,의견제출통지서,2016-07-11,kr_1020100055663__29-2-__r1
kr_1020100055663,29-2-,Rejection_Inventiveness,2,거절결정서,2016-10-31,kr_1020100055663__29-2-__r2
kr_1020100060569,29-1-2,Rejection_Novelty,2,의견제출통지서,2016-09-12,kr_1020100060569__29-1-2__r2
kr_1020100060569,29-2-,Rejection_Inventiveness,2,의견제출통지서,2016-09-12,kr_1020100060569__29-2-__r2
kr_1020100060569,42-4-2,Rejection_ClaimRequirements,1,의견제출통지서,2016-03-27,kr_1020100060569__42-4-2__r1
kr_1020100063539,29-2-,Rejection_Inventiveness,1,의견제출통지서,2016-09-21,kr_1020100063539__29-2-__r1
kr_1020100063539,29-2-,Rejection_Inventiveness,2,의견제출통지서,2017-02-09,kr_1020100063539__29-2-__r2
kr_1020100063539,29-2-,Rejection_Inventiveness,3,거절결정서,2017-05-30,kr_1020100063539__29-2-__r3
kr_1020100063539,42-4-2,Rejection_ClaimRequirements,2,의견제출통지서,2017-02-09,kr_1020100063539__42-4-2__r2
kr_1020100063539,42-4-2,Rejection_ClaimRequirements,3,거절결정서,2017-05-30,kr_1020100063539__42-4-2__r3
kr_1020100065513,29-2-,Rejection_Inventiveness,1,의견제출통지서,2016-10-31,kr_1020100065513__29-2-__r1
kr_1020100067528,29-2-,Rejection_Inventiveness,1,의견제출통지서,2016-11-18,kr_1020100067528__29-2-__r1
kr_1020100068373,29-1-2,Rejection_Novelty,1,의견제출통지서,2011-07-28,kr_1020100068373__29-1-2__r1
kr_1020100068373,29-2-,Rejection_Inventiveness,1,의견제출통지서,2011-07-28,kr_1020100068373__29-2-__r1
kr_1020100068586,29-1-2,Rejection_Novelty,1,의견제출통지서,2016-05-17,kr_1020100068586__29-1-2__r1
kr_1020100068586,29-2-,Rejection_Inventiveness,1,의견제출통지서,2016-05-17,kr_1020100068586__29-2-__r1
kr_1020100068586,29-2-,Rejection_Inventiveness,2,거절결정서,2016-11-10,kr_1020100068586__29-2-__r2
kr_1020100070217,29-2-,Rejection_Inventiveness,1,의견제출통지서,2016-11-11,kr_1020100070217__29-2-__r1
kr_1020100070217,29-2-,Rejection_Inventiveness,2,거절결정서,2017-07-25,kr_1020100070217__29-2-__r2
kr_1020100070217,42-4-2,Rejection_ClaimRequirements,1,의견제출통지서,2016-11-11,kr_1020100070217__42-4-2__r1
kr_1020100071383,29-2-,Rejection_Inventiveness,1,의견제출통지서,2016-04-18,kr_1020100071383__29-2-__r1
kr_1020100071383,29-2-,Rejection_Inventiveness,2,거절결정서,2016-11-21,kr_1020100071383__29-2-__r2
kr_1020100071383,42-4-2,Rejection_ClaimRequirements,1,의견제출통지서,2016-04-18,kr_1020100071383__42-4-2__r1
kr_1020100071383,42-4-2,Rejection_ClaimRequirements,2,거절결정서,2016-11-21,kr_1020100071383__42-4-2__r2
kr_1020100071611,29-2-,Rejection_Inventiveness,1,의견제출통지서,2016-09-08,kr_1020100071611__29-2-__r1
kr_1020100071611,29-2-,Rejection_Inventiveness,2,거절결정서,2017-06-10,kr_1020100071611__29-2-__r2
kr_1020100073919,29-2-,Rejection_Inventiveness,1,의견제출통지서,2011-07-20,kr_1020100073919__29-2-__r1
kr_1020100073919,29-2-,Rejection_Inventiveness,2,거절결정서,2012-02-20,kr_1020100073919__29-2-__r2
kr_1020100074585,29-2-,Rejection_Inventiveness,1,의견제출통지서,2016-05-18,kr_1020100074585__29-2-__r1
kr_1020100074585,29-2-,Rejection_Inventiveness,2,거절결정서,2016-11-21,kr_1020100074585__29-2-__r2
kr_1020100074585,42-4-2,Rejection_ClaimRequirements,1,의견제출통지서,2016-05-18,kr_1020100074585__42-4-2__r1
kr_1020100074585,42-4-2,Rejection_ClaimRequirements,2,거절결정서,2016-11-21,kr_1020100074585__42-4-2__r2
kr_1020100077472,29-2-,Rejection_Inventiveness,1,의견제출통지서,2017-01-24,kr_1020100077472__29-2-__r1
kr_1020100078475,29-1-2,Rejection_Novelty,1,의견제출통지서,2016-05-02,kr_1020100078475__29-1-2__r1
kr_1020100078475,29-2-,Rejection_Inventiveness,1,의견제출통지서,2016-05-02,kr_1020100078475__29-2-__r1
kr_1020100078475,29-2-,Rejection_Inventiveness,2,거절결정서,2016-09-02,kr_1020100078475__29-2-__r2
kr_1020100078538,29-2-,Rejection_Inventiveness,2,의견제출통지서,2012-04-23,kr_1020100078538__29-2-__r2
kr_1020100078538,42-4-2,Rejection_ClaimRequirements,2,의견제출통지서,2012-04-23,kr_1020100078538__42-4-2__r2
kr_1020100078538,45,Rejection_UnityOfInvention,1,의견제출통지서,2011-08-11,kr_1020100078538__45__r1
kr_1020100085600,29-1-2,Rejection_Novelty,1,의견제출통지서,2011-08-17,kr_1020100085600__29-1-2__r1
kr_1020100085600,29-2-,Rejection_Inventiveness,1,의견제출통지서,2011-08-17,kr_1020100085600__29-2-__r1
kr_1020100085600,42-3-,Rejection_Disclosure,1,의견제출통지서,2011-08-17,kr_1020100085600__42-3-__r1
kr_1020100085600,42-3-,Rejection_Disclosure,2,거절결정서,2011-11-28,kr_1020100085600__42-3-__r2
kr_1020100085860,29-2-,Rejection_Inventiveness,1,의견제출통지서,2016-06-03,kr_1020100085860__29-2-__r1
kr_1020100085860,29-2-,Rejection_Inventiveness,2,거절결정서,2016-12-20,kr_1020100085860__29-2-__r2
kr_1020100086427,29-2-,Rejection_Inventiveness,1,의견제출통지서,2011-08-22,kr_1020100086427__29-2-__r1
kr_1020100086427,29-2-,Rejection_Inventiveness,2,의견제출통지서,2012-04-24,kr_1020100086427__29-2-__r2
kr_1020100089752,29-2-,Rejection_Inventiveness,1,의견제출통지서,2016-06-13,kr_1020100089752__29-2-__r1
kr_1020100092578,29-1-2,Rejection_Novelty,1,의견제출통지서,2017-02-14,kr_1020100092578__29-1-2__r1
kr_1020100092578,29-2-,Rejection_Inventiveness,1,의견제출통지서,2017-02-14,kr_1020100092578__29-2-__r1
kr_1020100092578,42-4-1,Rejection_ClaimRequirements,2,의견제출통지서,2017-07-07,kr_1020100092578__42-4-1__r2
kr_1020100092578,42-4-2,Rejection_ClaimRequirements,2,의견제출통지서,2017-07-07,kr_1020100092578__42-4-2__r2
kr_1020100092578,42-4-2,Rejection_ClaimRequirements,3,거절결정서,2017-09-20,kr_1020100092578__42-4-2__r3
kr_1020100095959,29-2-,Rejection_Inventiveness,1,의견제출통지서,2016-09-19,kr_1020100095959__29-2-__r1
kr_1020100095959,29-2-,Rejection_Inventiveness,2,거절결정서,2016-12-16,kr_1020100095959__29-2-__r2
kr_1020100095959,42-3-,Rejection_Disclosure,1,의견제출통지서,2016-09-19,kr_1020100095959__42-3-__r1
kr_1020100095959,42-4-2,Rejection_ClaimRequirements,1,의견제출통지서,2016-09-19,kr_1020100095959__42-4-2__r1
kr_1020100096071,29-2-,Rejection_Inventiveness,1,의견제출통지서,2017-02-09,kr_1020100096071__29-2-__r1
kr_1020100096071,29-2-,Rejection_Inventiveness,2,거절결정서,2017-05-30,kr_1020100096071__29-2-__r2
kr_1020100096071,42-4-2,Rejection_ClaimRequirements,1,의견제출통지서,2017-02-09,kr_1020100096071__42-4-2__r1
kr_1020100119146,29-2-,Rejection_Inventiveness,1,의견제출통지서,2016-05-23,kr_1020100119146__29-2-__r1
kr_1020100119146,29-2-,Rejection_Inventiveness,2,거절결정서,2016-11-25,kr_1020100119146__29-2-__r2
kr_1020100121230,29-1-2,Rejection_Novelty,1,의견제출통지서,2016-05-26,kr_1020100121230__29-1-2__r1
kr_1020100121230,29-2-,Rejection_Inventiveness,1,의견제출통지서,2016-05-26,kr_1020100121230__29-2-__r1
kr_1020100121230,29-2-,Rejection_Inventiveness,2,거절결정서,2017-01-03,kr_1020100121230__29-2-__r2
kr_1020100122005,29-2-,Rejection_Inventiveness,1,의견제출통지서,2017-03-29,kr_1020100122005__29-2-__r1
kr_1020100122773,29-1-2,Rejection_Novelty,1,의견제출통지서,2016-05-02,kr_1020100122773__29-1-2__r1
kr_1020100122773,29-2-,Rejection_Inventiveness,1,의견제출통지서,2016-05-02,kr_1020100122773__29-2-__r1
kr_1020100122773,29-2-,Rejection_Inventiveness,2,거절결정서,2017-01-09,kr_1020100122773__29-2-__r2
kr_1020100127612,29-2-,Rejection_Inventiveness,1,의견제출통지서,2011-12-14,kr_1020100127612__29-2-__r1
kr_1020100127612,29-2-,Rejection_Inventiveness,2,거절결정서,2012-06-28,kr_1020100127612__29-2-__r2
kr_1020100127612,42-4-2,Rejection_ClaimRequirements,1,의견제출통지서,2011-12-14,kr_1020100127612__42-4-2__r1
kr_1020100138858,29-2-,Rejection_Inventiveness,1,의견제출통지서,2012-01-04,kr_1020100138858__29-2-__r1
kr_1020100138858,29-2-,Rejection_Inventiveness,2,거절결정서,2012-07-30,kr_1020100138858__29-2-__r2
kr_1020100138858,42-4-2,Rejection_ClaimRequirements,1,의견제출통지서,2012-01-04,kr_1020100138858__42-4-2__r1
kr_1020100140459,29-2-,Rejection_Inventiveness,1,의견제출통지서,2017-02-23,kr_1020100140459__29-2-__r1
kr_1020107004621,29-2-,Rejection_Inventiveness,1,의견제출통지서,2014-07-28,kr_1020107004621__29-2-__r1
kr_1020107007413,29-2-,Rejection_Inventiveness,1,의견제출통지서,2011-06-17,kr_1020107007413__29-2-__r1
kr_1020107007413,42-4-2,Rejection_ClaimRequirements,1,의견제출통지서,2011-06-17,kr_1020107007413__42-4-2__r1
kr_1020107013589,29-2-,Rejection_Inventiveness,1,의견제출통지서,2013-02-28,kr_1020107013589__29-2-__r1
kr_1020107013589,29-2-,Rejection_Inventiveness,2,의견제출통지서,2013-07-02,kr_1020107013589__29-2-__r2
kr_1020107013589,29-2-,Rejection_Inventiveness,3,거절결정서,2013-11-04,kr_1020107013589__29-2-__r3
kr_1020107013589,42-4-2,Rejection_ClaimRequirements,1,의견제출통지서,2013-02-28,kr_1020107013589__42-4-2__r1
kr_1020107016420,29-2-,Rejection_Inventiveness,1,의견제출통지서,2014-08-01,kr_1020107016420__29-2-__r1
kr_1020107016420,29-2-,Rejection_Inventiveness,2,거절결정서,2015-06-02,kr_1020107016420__29-2-__r2
kr_1020107016420,42-3-,Rejection_Disclosure,1,의견제출통지서,2014-08-01,kr_1020107016420__42-3-__r1
kr_1020107016420,42-4-1,Rejection_ClaimRequirements,1,의견제출통지서,2014-08-01,kr_1020107016420__42-4-1__r1
kr_1020107016420,42-4-2,Rejection_ClaimRequirements,1,의견제출통지서,2014-08-01,kr_1020107016420__42-4-2__r1
kr_1020107019157,29-2-,Rejection_Inventiveness,2,의견제출통지서,2015-10-29,kr_1020107019157__29-2-__r2
kr_1020107019157,29-2-,Rejection_Inventiveness,3,의견제출통지서,2016-04-15,kr_1020107019157__29-2-__r3
kr_1020107019157,29-2-,Rejection_Inventiveness,4,거절결정서,2016-11-22,kr_1020107019157__29-2-__r4
kr_1020107019157,42-4-2,Rejection_ClaimRequirements,3,의견제출통지서,2016-04-15,kr_1020107019157__42-4-2__r3
kr_1020107019157,42-8-,Rejection_ClaimFormat,1,의견제출통지서,2014-09-04,kr_1020107019157__42-8-__r1
kr_1020110001766,29-2-,Rejection_Inventiveness,1,의견제출통지서,2016-12-16,kr_1020110001766__29-2-__r1
kr_1020110002407,29-2-,Rejection_Inventiveness,1,의견제출통지서,2017-08-16,kr_1020110002407__29-2-__r1
kr_1020110002407,29-2-,Rejection_Inventiveness,2,거절결정서,2018-02-09,kr_1020110002407__29-2-__r2
kr_1020110002407,42-4-2,Rejection_ClaimRequirements,1,의견제출통지서,2017-08-16,kr_1020110002407__42-4-2__r1
kr_1020110004456,29-2-,Rejection_Inventiveness,1,의견제출통지서,2016-11-24,kr_1020110004456__29-2-__r1
kr_1020110004456,29-2-,Rejection_Inventiveness,2,거절결정서,2017-04-03,kr_1020110004456__29-2-__r2
kr_1020110004456,42-4-2,Rejection_ClaimRequirements,1,의견제출통지서,2016-11-24,kr_1020110004456__42-4-2__r1
kr_1020110006803,29-2-,Rejection_Inventiveness,2,의견제출통지서,2017-11-29,kr_1020110006803__29-2-__r2
kr_1020110006803,29-2-,Rejection_Inventiveness,3,의견제출통지서,2017-12-28,kr_1020110006803__29-2-__r3
kr_1020110006803,29-2-,Rejection_Inventiveness,4,의견제출통지서,2018-01-23,kr_1020110006803__29-2-__r4
kr_1020110006803,42-4-2,Rejection_ClaimRequirements,1,의견제출통지서,2017-04-19,kr_1020110006803__42-4-2__r1
kr_1020110006908,29-2-,Rejection_Inventiveness,2,의견제출통지서,2017-11-29,kr_1020110006908__29-2-__r2
kr_1020110006908,42-4-2,Rejection_ClaimRequirements,1,의견제출통지서,2017-04-19,kr_1020110006908__42-4-2__r1
kr_1020110007020,29-2-,Rejection_Inventiveness,1,의견제출통지서,2017-04-06,kr_1020110007020__29-2-__r1
kr_1020110007020,29-2-,Rejection_Inventiveness,2,거절결정서,2017-11-21,kr_1020110007020__29-2-__r2
kr_1020110007020,42-4-2,Rejection_ClaimRequirements,1,의견제출통지서,2017-04-06,kr_1020110007020__42-4-2__r1
kr_1020110007020,42-4-2,Rejection_ClaimRequirements,2,거절결정서,2017-11-21,kr_1020110007020__42-4-2__r2
kr_1020110007039,29-2-,Rejection_Inventiveness,1,의견제출통지서,2017-04-03,kr_1020110007039__29-2-__r1
kr_1020110007039,29-2-,Rejection_Inventiveness,2,거절결정서,2017-11-21,kr_1020110007039__29-2-__r2
kr_1020110007083,29-2-,Rejection_Inventiveness,1,의견제출통지서,2017-04-03,kr_1020110007083__29-2-__r1
kr_1020110007083,29-2-,Rejection_Inventiveness,2,거절결정서,2017-11-21,kr_1020110007083__29-2-__r2
kr_1020110009078,29-2-,Rejection_Inventiveness,1,의견제출통지서,2016-12-16,kr_1020110009078__29-2-__r1
kr_1020110016657,29-2-,Rejection_Inventiveness,1,의견제출통지서,2012-07-20,kr_1020110016657__29-2-__r1
kr_1020110016657,42-3-,Rejection_Disclosure,1,의견제출통지서,2012-07-20,kr_1020110016657__42-3-__r1
kr_1020110018138,29-2-,Rejection_Inventiveness,1,의견제출통지서,2012-02-27,kr_1020110018138__29-2-__r1
kr_1020110018851,29-1-2,Rejection_Novelty,1,의견제출통지서,2012-06-14,kr_1020110018851__29-1-2__r1
kr_1020110018851,29-2-,Rejection_Inventiveness,1,의견제출통지서,2012-06-14,kr_1020110018851__29-2-__r1
kr_1020110018851,42-4-2,Rejection_ClaimRequirements,1,의견제출통지서,2012-06-14,kr_1020110018851__42-4-2__r1
kr_1020110018851,45,Rejection_UnityOfInvention,1,의견제출통지서,2012-06-14,kr_1020110018851__45__r1
kr_1020110021034,29-2-,Rejection_Inventiveness,1,의견제출통지서,2012-05-29,kr_1020110021034__29-2-__r1
kr_1020110021034,42-4-2,Rejection_ClaimRequirements,1,의견제출통지서,2012-05-29,kr_1020110021034__42-4-2__r1
kr_1020110023743,29-1-2,Rejection_Novelty,1,의견제출통지서,2012-07-23,kr_1020110023743__29-1-2__r1
kr_1020110023743,29-2-,Rejection_Inventiveness,1,의견제출통지서,2012-07-23,kr_1020110023743__29-2-__r1
kr_1020110023749,29-1-2,Rejection_Novelty,1,의견제출통지서,2012-07-03,kr_1020110023749__29-1-2__r1
kr_1020110023749,29-2-,Rejection_Inventiveness,1,의견제출통지서,2012-07-03,kr_1020110023749__29-2-__r1
kr_1020110023749,42-4-1,Rejection_ClaimRequirements,1,의견제출통지서,2012-07-03,kr_1020110023749__42-4-1__r1
kr_1020110023749,42-4-2,Rejection_ClaimRequirements,1,의견제출통지서,2012-07-03,kr_1020110023749__42-4-2__r1
kr_1020110029674,29-1-2,Rejection_Novelty,1,의견제출통지서,2012-02-29,kr_1020110029674__29-1-2__r1
kr_1020110029674,29-2-,Rejection_Inventiveness,1,의견제출통지서,2012-02-29,kr_1020110029674__29-2-__r1
kr_1020110029674,29-2-,Rejection_Inventiveness,2,거절결정서,2012-09-27,kr_1020110029674__29-2-__r2
kr_1020110029674,42-4-2,Rejection_ClaimRequirements,1,의견제출통지서,2012-02-29,kr_1020110029674__42-4-2__r1
kr_1020110038994,29-2-,Rejection_Inventiveness,1,의견제출통지서,2017-08-21,kr_1020110038994__29-2-__r1
kr_1020110038994,29-2-,Rejection_Inventiveness,2,거절결정서,2018-04-12,kr_1020110038994__29-2-__r2
kr_1020110044042,29-2-,Rejection_Inventiveness,1,의견제출통지서,2012-07-13,kr_1020110044042__29-2-__r1
kr_1020110044042,29-2-,Rejection_Inventiveness,2,의견제출통지서,2013-01-25,kr_1020110044042__29-2-__r2
kr_1020110044147,29-1-2,Rejection_Novelty,1,의견제출통지서,2012-07-17,kr_1020110044147__29-1-2__r1
kr_1020110044147,29-2-,Rejection_Inventiveness,1,의견제출통지서,2012-07-17,kr_1020110044147__29-2-__r1
kr_1020110044147,29-2-,Rejection_Inventiveness,2,거절결정서,2013-03-29,kr_1020110044147__29-2-__r2
kr_1020110044147,45,Rejection_UnityOfInvention,1,의견제출통지서,2012-07-17,kr_1020110044147__45__r1
kr_1020110044147,45,Rejection_UnityOfInvention,2,거절결정서,2013-03-29,kr_1020110044147__45__r2
kr_1020110044770,29-2-,Rejection_Inventiveness,1,의견제출통지서,2012-12-27,kr_1020110044770__29-2-__r1
kr_1020110047964,29-1-2,Rejection_Novelty,1,의견제출통지서,2012-07-18,kr_1020110047964__29-1-2__r1
kr_1020110047964,29-2-,Rejection_Inventiveness,1,의견제출통지서,2012-07-18,kr_1020110047964__29-2-__r1
kr_1020110047964,29-2-,Rejection_Inventiveness,2,거절결정서,2013-01-09,kr_1020110047964__29-2-__r2
kr_1020110049020,29-2-,Rejection_Inventiveness,1,의견제출통지서,2012-12-24,kr_1020110049020__29-2-__r1
kr_1020110049020,42-4-2,Rejection_ClaimRequirements,1,의견제출통지서,2012-12-24,kr_1020110049020__42-4-2__r1
kr_1020110054423,29-2-,Rejection_Inventiveness,1,의견제출통지서,2012-08-09,kr_1020110054423__29-2-__r1
kr_1020110054423,29-2-,Rejection_Inventiveness,2,거절결정서,2013-03-14,kr_1020110054423__29-2-__r2
kr_1020110054423,42-3-,Rejection_Disclosure,1,의견제출통지서,2012-08-09,kr_1020110054423__42-3-__r1
kr_1020110054559,29-2-,Rejection_Inventiveness,1,의견제출통지서,2012-10-09,kr_1020110054559__29-2-__r1
kr_1020110054559,29-2-,Rejection_Inventiveness,2,거절결정서,2013-08-19,kr_1020110054559__29-2-__r2
kr_1020110054559,42-4-2,Rejection_ClaimRequirements,1,의견제출통지서,2012-10-09,kr_1020110054559__42-4-2__r1
kr_1020110057210,29-2-,Rejection_Inventiveness,1,의견제출통지서,2017-07-12,kr_1020110057210__29-2-__r1
kr_1020110057210,29-2-,Rejection_Inventiveness,2,거절결정서,2018-01-29,kr_1020110057210__29-2-__r2
kr_1020110057210,42-4-2,Rejection_ClaimRequirements,1,의견제출통지서,2017-07-12,kr_1020110057210__42-4-2__r1
kr_1020110057210,45,Rejection_UnityOfInvention,1,의견제출통지서,2017-07-12,kr_1020110057210__45__r1
kr_1020110057210,45,Rejection_UnityOfInvention,2,거절결정서,2018-01-29,kr_1020110057210__45__r2
kr_1020110062839,29-2-,Rejection_Inventiveness,1,의견제출통지서,2012-12-03,kr_1020110062839__29-2-__r1
kr_1020110062839,29-2-,Rejection_Inventiveness,2,거절결정서,2013-07-30,kr_1020110062839__29-2-__r2
kr_1020110062839,42-4-2,Rejection_ClaimRequirements,1,의견제출통지서,2012-12-03,kr_1020110062839__42-4-2__r1
kr_1020110062839,45,Rejection_UnityOfInvention,1,의견제출통지서,2012-12-03,kr_1020110062839__45__r1
kr_1020110070880,29-2-,Rejection_Inventiveness,1,의견제출통지서,2012-12-07,kr_1020110070880__29-2-__r1
kr_1020110071325,29-1-2,Rejection_Novelty,1,의견제출통지서,2013-08-02,kr_1020110071325__29-1-2__r1
kr_1020110071325,29-2-,Rejection_Inventiveness,1,의견제출통지서,2013-08-02,kr_1020110071325__29-2-__r1
kr_1020110075573,29-2-,Rejection_Inventiveness,1,의견제출통지서,2013-03-08,kr_1020110075573__29-2-__r1
kr_1020110075573,29-2-,Rejection_Inventiveness,2,거절결정서,2013-09-27,kr_1020110075573__29-2-__r2
kr_1020110075573,42-4-2,Rejection_ClaimRequirements,1,의견제출통지서,2013-03-08,kr_1020110075573__42-4-2__r1
kr_1020110076992,29-1-2,Rejection_Novelty,1,의견제출통지서,2017-02-14,kr_1020110076992__29-1-2__r1
kr_1020110076992,29-2-,Rejection_Inventiveness,1,의견제출통지서,2017-02-14,kr_1020110076992__29-2-__r1
kr_1020110076992,29-2-,Rejection_Inventiveness,2,거절결정서,2017-08-31,kr_1020110076992__29-2-__r2
kr_1020110077018,29-2-,Rejection_Inventiveness,1,의견제출통지서,2017-06-21,kr_1020110077018__29-2-__r1
kr_1020110077018,42-4-2,Rejection_ClaimRequirements,1,의견제출통지서,2017-06-21,kr_1020110077018__42-4-2__r1
kr_1020110079726,29-2-,Rejection_Inventiveness,1,의견제출통지서,2017-09-29,kr_1020110079726__29-2-__r1
kr_1020110081841,29-2-,Rejection_Inventiveness,1,의견제출통지서,2013-03-12,kr_1020110081841__29-2-__r1
kr_1020110081841,42-4-2,Rejection_ClaimRequirements,1,의견제출통지서,2013-03-12,kr_1020110081841__42-4-2__r1
kr_1020110083840,29-2-,Rejection_Inventiveness,1,의견제출통지서,2017-04-10,kr_1020110083840__29-2-__r1
kr_1020110083840,29-2-,Rejection_Inventiveness,2,거절결정서,2017-10-17,kr_1020110083840__29-2-__r2
kr_1020110084338,29-2-,Rejection_Inventiveness,1,의견제출통지서,2017-07-11,kr_1020110084338__29-2-__r1
kr_1020110084338,29-2-,Rejection_Inventiveness,2,거절결정서,2018-01-22,kr_1020110084338__29-2-__r2
kr_1020110084338,42-4-2,Rejection_ClaimRequirements,1,의견제출통지서,2017-07-11,kr_1020110084338__42-4-2__r1
kr_1020110084418,29-1-2,Rejection_Novelty,1,의견제출통지서,2017-07-20,kr_1020110084418__29-1-2__r1
kr_1020110084418,29-2-,Rejection_Inventiveness,1,의견제출통지서,2017-07-20,kr_1020110084418__29-2-__r1
kr_1020110086493,29-2-,Rejection_Inventiveness,1,의견제출통지서,2012-09-13,kr_1020110086493__29-2-__r1
kr_1020110087105,29-2-,Rejection_Inventiveness,1,의견제출통지서,2012-12-14,kr_1020110087105__29-2-__r1
kr_1020110088261,29-2-,Rejection_Inventiveness,1,의견제출통지서,2016-10-18,kr_1020110088261__29-2-__r1
kr_1020110088261,29-2-,Rejection_Inventiveness,2,거절결정서,2017-07-07,kr_1020110088261__29-2-__r2
kr_1020110091273,29-2-,Rejection_Inventiveness,1,의견제출통지서,2013-04-29,kr_1020110091273__29-2-__r1
kr_1020110092999,29-2-,Rejection_Inventiveness,1,의견제출통지서,2012-12-11,kr_1020110092999__29-2-__r1
kr_1020110092999,42-4-2,Rejection_ClaimRequirements,1,의견제출통지서,2012-12-11,kr_1020110092999__42-4-2__r1
kr_1020110096810,29-1-2,Rejection_Novelty,1,의견제출통지서,2013-03-05,kr_1020110096810__29-1-2__r1
kr_1020110096810,29-2-,Rejection_Inventiveness,1,의견제출통지서,2013-03-05,kr_1020110096810__29-2-__r1
kr_1020110096810,42-4-2,Rejection_ClaimRequirements,1,의견제출통지서,2013-03-05,kr_1020110096810__42-4-2__r1
kr_1020110104667,29-2-,Rejection_Inventiveness,1,의견제출통지서,2012-12-12,kr_1020110104667__29-2-__r1
kr_1020110104667,29-2-,Rejection_Inventiveness,2,의견제출통지서,2013-07-26,kr_1020110104667__29-2-__r2
kr_1020110104667,29-2-,Rejection_Inventiveness,3,거절결정서,2014-02-26,kr_1020110104667__29-2-__r3
kr_1020110104667,42-4-2,Rejection_ClaimRequirements,1,의견제출통지서,2012-12-12,kr_1020110104667__42-4-2__r1
kr_1020110105419,29-2-,Rejection_Inventiveness,1,의견제출통지서,2018-01-12,kr_1020110105419__29-2-__r1
kr_1020110109666,29-2-,Rejection_Inventiveness,2,의견제출통지서,2013-04-27,kr_1020110109666__29-2-__r2
kr_1020110109666,42-3-1,Rejection_Disclosure,1,의견제출통지서,2012-10-25,kr_1020110109666__42-3-1__r1
kr_1020110109666,42-4-2,Rejection_ClaimRequirements,1,의견제출통지서,2012-10-25,kr_1020110109666__42-4-2__r1
kr_1020110120353,29-1-2,Rejection_Novelty,1,의견제출통지서,2017-12-08,kr_1020110120353__29-1-2__r1
kr_1020110120353,29-2-,Rejection_Inventiveness,1,의견제출통지서,2017-12-08,kr_1020110120353__29-2-__r1
kr_1020110120353,29-2-,Rejection_Inventiveness,2,거절결정서,2018-06-20,kr_1020110120353__29-2-__r2
kr_1020110123062,29-2-,Rejection_Inventiveness,1,의견제출통지서,2013-02-26,kr_1020110123062__29-2-__r1
kr_1020110123062,29-2-,Rejection_Inventiveness,2,거절결정서,2013-10-07,kr_1020110123062__29-2-__r2
kr_1020110123062,42-4-2,Rejection_ClaimRequirements,1,의견제출통지서,2013-02-26,kr_1020110123062__42-4-2__r1
kr_1020110132862,29-2-,Rejection_Inventiveness,1,의견제출통지서,2013-02-26,kr_1020110132862__29-2-__r1
kr_1020110132862,29-2-,Rejection_Inventiveness,2,거절결정서,2013-08-08,kr_1020110132862__29-2-__r2
kr_1020110132862,42-3-1,Rejection_Disclosure,1,의견제출통지서,2013-02-26,kr_1020110132862__42-3-1__r1
kr_1020110142217,29-2-,Rejection_Inventiveness,1,의견제출통지서,2018-01-22,kr_1020110142217__29-2-__r1
kr_1020110143454,29-2-,Rejection_Inventiveness,1,의견제출통지서,2014-04-21,kr_1020110143454__29-2-__r1
kr_1020110143454,42-4-2,Rejection_ClaimRequirements,1,의견제출통지서,2014-04-21,kr_1020110143454__42-4-2__r1
kr_1020117000341,29-1-2,Rejection_Novelty,1,의견제출통지서,2014-11-27,kr_1020117000341__29-1-2__r1
kr_1020117000341,29-2-,Rejection_Inventiveness,1,의견제출통지서,2014-11-27,kr_1020117000341__29-2-__r1
kr_1020117004972,29-2-,Rejection_Inventiveness,1,의견제출통지서,2011-04-21,kr_1020117004972__29-2-__r1
kr_1020117004972,29-2-,Rejection_Inventiveness,2,거절결정서,2011-12-15,kr_1020117004972__29-2-__r2
kr_1020117004972,42-4-2,Rejection_ClaimRequirements,1,의견제출통지서,2011-04-21,kr_1020117004972__42-4-2__r1
kr_1020117007472,29-1-2,Rejection_Novelty,1,의견제출통지서,2015-10-06,kr_1020117007472__29-1-2__r1
kr_1020117007472,29-2-,Rejection_Inventiveness,1,의견제출통지서,2015-10-06,kr_1020117007472__29-2-__r1
kr_1020117007472,42-4-2,Rejection_ClaimRequirements,1,의견제출통지서,2015-10-06,kr_1020117007472__42-4-2__r1
kr_1020117011351,29-2-,Rejection_Inventiveness,1,의견제출통지서,2012-09-17,kr_1020117011351__29-2-__r1
kr_1020117011351,29-2-,Rejection_Inventiveness,2,거절결정서,2013-03-06,kr_1020117011351__29-2-__r2
kr_1020117011351,42-4-2,Rejection_ClaimRequirements,1,의견제출통지서,2012-09-17,kr_1020117011351__42-4-2__r1
kr_1020117011375,29-1-2,Rejection_Novelty,1,의견제출통지서,2015-04-30,kr_1020117011375__29-1-2__r1
kr_1020117011375,29-2-,Rejection_Inventiveness,1,의견제출통지서,2015-04-30,kr_1020117011375__29-2-__r1
kr_1020117011375,29-2-,Rejection_Inventiveness,2,거절결정서,2015-09-25,kr_1020117011375__29-2-__r2
kr_1020117011375,45,Rejection_UnityOfInvention,1,의견제출통지서,2015-04-30,kr_1020117011375__45__r1
kr_1020117011375,45,Rejection_UnityOfInvention,2,거절결정서,2015-09-25,kr_1020117011375__45__r2
kr_1020117015433,29-2-,Rejection_Inventiveness,1,의견제출통지서,2015-06-25,kr_1020117015433__29-2-__r1
kr_1020117015433,29-2-,Rejection_Inventiveness,2,거절결정서,2015-12-23,kr_1020117015433__29-2-__r2
kr_1020117015433,42-4-2,Rejection_ClaimRequirements,1,의견제출통지서,2015-06-25,kr_1020117015433__42-4-2__r1
kr_1020117015433,42-8-,Rejection_ClaimFormat,1,의견제출통지서,2015-06-25,kr_1020117015433__42-8-__r1
kr_1020117015433,47-2-,Rejection_AmendmentScope,1,의견제출통지서,2015-06-25,kr_1020117015433__47-2-__r1
kr_1020117015433,47-2-,Rejection_AmendmentScope,2,거절결정서,2015-12-23,kr_1020117015433__47-2-__r2
kr_1020117016840,29-1-2,Rejection_Novelty,1,의견제출통지서,2012-12-07,kr_1020117016840__29-1-2__r1
kr_1020117016840,29-2-,Rejection_Inventiveness,1,의견제출통지서,2012-12-07,kr_1020117016840__29-2-__r1
kr_1020117016840,42-4-2,Rejection_ClaimRequirements,1,의견제출통지서,2012-12-07,kr_1020117016840__42-4-2__r1
kr_1020117019031,29-2-,Rejection_Inventiveness,1,의견제출통지서,2011-11-16,kr_1020117019031__29-2-__r1
kr_1020117019031,29-2-,Rejection_Inventiveness,2,거절결정서,2012-07-27,kr_1020117019031__29-2-__r2
kr_1020117019031,42-4-2,Rejection_ClaimRequirements,1,의견제출통지서,2011-11-16,kr_1020117019031__42-4-2__r1
kr_1020117023560,29-2-,Rejection_Inventiveness,1,의견제출통지서,2015-03-08,kr_1020117023560__29-2-__r1
kr_1020117023560,29-2-,Rejection_Inventiveness,2,의견제출통지서,2015-07-02,kr_1020117023560__29-2-__r2
kr_1020117023560,29-2-,Rejection_Inventiveness,3,거절결정서,2015-09-18,kr_1020117023560__29-2-__r3
kr_1020117023560,42-4-2,Rejection_ClaimRequirements,1,의견제출통지서,2015-03-08,kr_1020117023560__42-4-2__r1
kr_1020117025708,29-2-,Rejection_Inventiveness,1,의견제출통지서,2011-12-16,kr_1020117025708__29-2-__r1
kr_1020117025708,29-2-,Rejection_Inventiveness,2,거절결정서,2012-10-30,kr_1020117025708__29-2-__r2
kr_1020120008297,29-2-,Rejection_Inventiveness,1,의견제출통지서,2013-05-23,kr_1020120008297__29-2-__r1
kr_1020120008297,42-4-2,Rejection_ClaimRequirements,1,의견제출통지서,2013-05-23,kr_1020120008297__42-4-2__r1
kr_1020120012880,29-2-,Rejection_Inventiveness,1,의견제출통지서,2013-05-31,kr_1020120012880__29-2-__r1
kr_1020120012880,29-2-,Rejection_Inventiveness,2,의견제출통지서,2014-01-09,kr_1020120012880__29-2-__r2
kr_1020120012880,29-2-,Rejection_Inventiveness,3,거절결정서,2014-08-29,kr_1020120012880__29-2-__r3
kr_1020120012880,29-2-,Rejection_Inventiveness,4,의견제출통지서,2014-11-06,kr_1020120012880__29-2-__r4
kr_1020120012880,42-4-2,Rejection_ClaimRequirements,1,의견제출통지서,2013-05-31,kr_1020120012880__42-4-2__r1
kr_1020120012880,42-4-2,Rejection_ClaimRequirements,2,의견제출통지서,2014-01-09,kr_1020120012880__42-4-2__r2
kr_1020120012880,42-4-2,Rejection_ClaimRequirements,4,의견제출통지서,2014-11-06,kr_1020120012880__42-4-2__r4
kr_1020120016849,29-2-,Rejection_Inventiveness,1,의견제출통지서,2013-08-21,kr_1020120016849__29-2-__r1
kr_1020120016849,29-2-,Rejection_Inventiveness,2,거절결정서,2014-02-27,kr_1020120016849__29-2-__r2
kr_1020120016849,42-4-2,Rejection_ClaimRequirements,1,의견제출통지서,2013-08-21,kr_1020120016849__42-4-2__r1
kr_1020120021214,29-2-,Rejection_Inventiveness,1,의견제출통지서,2013-02-26,kr_1020120021214__29-2-__r1
kr_1020120021214,29-2-,Rejection_Inventiveness,2,의견제출통지서,2013-08-12,kr_1020120021214__29-2-__r2
kr_1020120023599,29-2-,Rejection_Inventiveness,1,의견제출통지서,2018-03-31,kr_1020120023599__29-2-__r1
kr_1020120039915,29-2-,Rejection_Inventiveness,1,의견제출통지서,2018-04-10,kr_1020120039915__29-2-__r1
kr_1020120039915,29-2-,Rejection_Inventiveness,2,의견제출통지서,2018-10-31,kr_1020120039915__29-2-__r2
kr_1020120041773,29-1-2,Rejection_Novelty,1,의견제출통지서,2015-05-26,kr_1020120041773__29-1-2__r1
kr_1020120041773,29-2-,Rejection_Inventiveness,1,의견제출통지서,2015-05-26,kr_1020120041773__29-2-__r1
kr_1020120041773,42-4-2,Rejection_ClaimRequirements,1,의견제출통지서,2015-05-26,kr_1020120041773__42-4-2__r1
kr_1020120041773,42-8-,Rejection_ClaimFormat,1,의견제출통지서,2015-05-26,kr_1020120041773__42-8-__r1
kr_1020120042158,29-2-,Rejection_Inventiveness,1,의견제출통지서,2013-07-25,kr_1020120042158__29-2-__r1
kr_1020120042158,29-2-,Rejection_Inventiveness,2,거절결정서,2013-10-21,kr_1020120042158__29-2-__r2
kr_1020120042158,42-4-2,Rejection_ClaimRequirements,1,의견제출통지서,2013-07-25,kr_1020120042158__42-4-2__r1
kr_1020120042473,29-2-,Rejection_Inventiveness,1,의견제출통지서,2014-05-09,kr_1020120042473__29-2-__r1
kr_1020120050366,29-2-,Rejection_Inventiveness,1,의견제출통지서,2018-04-13,kr_1020120050366__29-2-__r1
kr_1020120050366,29-2-,Rejection_Inventiveness,2,거절결정서,2018-10-22,kr_1020120050366__29-2-__r2
kr_1020120050375,29-2-,Rejection_Inventiveness,1,의견제출통지서,2018-02-12,kr_1020120050375__29-2-__r1
kr_1020120053124,29-2-,Rejection_Inventiveness,1,의견제출통지서,2018-05-02,kr_1020120053124__29-2-__r1
kr_1020120053124,29-2-,Rejection_Inventiveness,2,거절결정서,2018-10-27,kr_1020120053124__29-2-__r2
kr_1020120054325,29-2-,Rejection_Inventiveness,1,의견제출통지서,2018-05-10,kr_1020120054325__29-2-__r1
kr_1020120054325,29-2-,Rejection_Inventiveness,2,거절결정서,2018-11-23,kr_1020120054325__29-2-__r2
kr_1020120056605,29-1-2,Rejection_Novelty,1,의견제출통지서,2013-07-19,kr_1020120056605__29-1-2__r1
kr_1020120056605,29-2-,Rejection_Inventiveness,1,의견제출통지서,2013-07-19,kr_1020120056605__29-2-__r1
kr_1020120056605,29-2-,Rejection_Inventiveness,2,의견제출통지서,2014-01-07,kr_1020120056605__29-2-__r2
kr_1020120056605,29-2-,Rejection_Inventiveness,3,거절결정서,2014-07-11,kr_1020120056605__29-2-__r3
kr_1020120057330,29-2-,Rejection_Inventiveness,1,의견제출통지서,2018-03-19,kr_1020120057330__29-2-__r1
kr_1020120071127,29-1-2,Rejection_Novelty,2,의견제출통지서,2014-01-23,kr_1020120071127__29-1-2__r2
kr_1020120071127,29-2-,Rejection_Inventiveness,2,의견제출통지서,2014-01-23,kr_1020120071127__29-2-__r2
kr_1020120071127,42-4-2,Rejection_ClaimRequirements,1,의견제출통지서,2013-07-29,kr_1020120071127__42-4-2__r1
kr_1020120078118,29-2-,Rejection_Inventiveness,1,의견제출통지서,2018-09-17,kr_1020120078118__29-2-__r1
kr_1020120078118,29-2-,Rejection_Inventiveness,2,거절결정서,2019-09-01,kr_1020120078118__29-2-__r2
kr_1020120078118,42-3-1,Rejection_Disclosure,1,의견제출통지서,2018-09-17,kr_1020120078118__42-3-1__r1
kr_1020120078118,42-4-1,Rejection_ClaimRequirements,1,의견제출통지서,2018-09-17,kr_1020120078118__42-4-1__r1
kr_1020120078118,42-4-2,Rejection_ClaimRequirements,1,의견제출통지서,2018-09-17,kr_1020120078118__42-4-2__r1
kr_1020120078118,42-8-,Rejection_ClaimFormat,1,의견제출통지서,2018-09-17,kr_1020120078118__42-8-__r1
kr_1020120078118,45,Rejection_UnityOfInvention,1,의견제출통지서,2018-09-17,kr_1020120078118__45__r1
kr_1020120078118,45,Rejection_UnityOfInvention,2,거절결정서,2019-09-01,kr_1020120078118__45__r2
kr_1020120079541,29-2-,Rejection_Inventiveness,1,의견제출통지서,2018-05-09,kr_1020120079541__29-2-__r1
kr_1020120089680,29-2-,Rejection_Inventiveness,1,의견제출통지서,2013-09-05,kr_1020120089680__29-2-__r1
kr_1020120089680,29-2-,Rejection_Inventiveness,2,거절결정서,2014-03-06,kr_1020120089680__29-2-__r2
kr_1020120091815,29-1-2,Rejection_Novelty,1,의견제출통지서,2018-09-20,kr_1020120091815__29-1-2__r1
kr_1020120091815,29-2-,Rejection_Inventiveness,1,의견제출통지서,2018-09-20,kr_1020120091815__29-2-__r1
kr_1020120091815,29-2-,Rejection_Inventiveness,2,거절결정서,2019-03-16,kr_1020120091815__29-2-__r2
kr_1020120091815,42-3-1,Rejection_Disclosure,1,의견제출통지서,2018-09-20,kr_1020120091815__42-3-1__r1
kr_1020120091815,42-4-2,Rejection_ClaimRequirements,1,의견제출통지서,2018-09-20,kr_1020120091815__42-4-2__r1
kr_1020120091815,45,Rejection_UnityOfInvention,1,의견제출통지서,2018-09-20,kr_1020120091815__45__r1
kr_1020120091815,45,Rejection_UnityOfInvention,2,거절결정서,2019-03-16,kr_1020120091815__45__r2
kr_1020120093825,29-2-,Rejection_Inventiveness,1,의견제출통지서,2013-11-04,kr_1020120093825__29-2-__r1
kr_1020120093825,29-2-,Rejection_Inventiveness,2,거절결정서,2014-07-14,kr_1020120093825__29-2-__r2
kr_1020120093825,42-4-2,Rejection_ClaimRequirements,1,의견제출통지서,2013-11-04,kr_1020120093825__42-4-2__r1
kr_1020120095225,29-2-,Rejection_Inventiveness,1,의견제출통지서,2018-03-27,kr_1020120095225__29-2-__r1
kr_1020120095225,29-2-,Rejection_Inventiveness,2,거절결정서,2018-09-11,kr_1020120095225__29-2-__r2
kr_1020120095225,42-4-2,Rejection_ClaimRequirements,1,의견제출통지서,2018-03-27,kr_1020120095225__42-4-2__r1
kr_1020120095541,29-2-,Rejection_Inventiveness,1,의견제출통지서,2018-03-27,kr_1020120095541__29-2-__r1
kr_1020120095541,42-4-2,Rejection_ClaimRequirements,1,의견제출통지서,2018-03-27,kr_1020120095541__42-4-2__r1
kr_1020120095927,29-1-2,Rejection_Novelty,1,의견제출통지서,2016-05-02,kr_1020120095927__29-1-2__r1
kr_1020120095927,29-2-,Rejection_Inventiveness,1,의견제출통지서,2016-05-02,kr_1020120095927__29-2-__r1
kr_1020120095927,29-2-,Rejection_Inventiveness,2,거절결정서,2016-12-01,kr_1020120095927__29-2-__r2
kr_1020120095927,42-4-2,Rejection_ClaimRequirements,1,의견제출통지서,2016-05-02,kr_1020120095927__42-4-2__r1
kr_1020120095927,42-8-,Rejection_ClaimFormat,1,의견제출통지서,2016-05-02,kr_1020120095927__42-8-__r1
kr_1020120111603,29-2-,Rejection_Inventiveness,1,의견제출통지서,2013-09-26,kr_1020120111603__29-2-__r1
kr_1020120111603,29-2-,Rejection_Inventiveness,2,의견제출통지서,2014-07-21,kr_1020120111603__29-2-__r2
kr_1020120111603,29-2-,Rejection_Inventiveness,3,거절결정서,2015-05-21,kr_1020120111603__29-2-__r3
kr_1020120111603,42-4-2,Rejection_ClaimRequirements,1,의견제출통지서,2013-09-26,kr_1020120111603__42-4-2__r1
kr_1020120130403,29-2-,Rejection_Inventiveness,1,의견제출통지서,2014-02-20,kr_1020120130403__29-2-__r1
kr_1020120130403,29-2-,Rejection_Inventiveness,2,거절결정서,2014-06-27,kr_1020120130403__29-2-__r2
kr_1020120130403,42-4-2,Rejection_ClaimRequirements,1,의견제출통지서,2014-02-20,kr_1020120130403__42-4-2__r1
kr_1020120139831,29-2-,Rejection_Inventiveness,1,의견제출통지서,2018-04-24,kr_1020120139831__29-2-__r1
kr_1020120139831,29-2-,Rejection_Inventiveness,2,의견제출통지서,2018-12-17,kr_1020120139831__29-2-__r2
kr_1020120139831,29-2-,Rejection_Inventiveness,3,거절결정서,2019-06-26,kr_1020120139831__29-2-__r3
kr_1020120146386,29-2-,Rejection_Inventiveness,1,의견제출통지서,2018-04-17,kr_1020120146386__29-2-__r1
kr_1020120146386,42-4-2,Rejection_ClaimRequirements,1,의견제출통지서,2018-04-17,kr_1020120146386__42-4-2__r1
kr_1020120148667,29-1-2,Rejection_Novelty,1,의견제출통지서,2018-04-25,kr_1020120148667__29-1-2__r1
kr_1020120148667,29-2-,Rejection_Inventiveness,1,의견제출통지서,2018-04-25,kr_1020120148667__29-2-__r1
kr_1020120148667,29-2-,Rejection_Inventiveness,2,거절결정서,2018-10-26,kr_1020120148667__29-2-__r2
kr_1020120151681,29-1-2,Rejection_Novelty,2,의견제출통지서,2015-01-27,kr_1020120151681__29-1-2__r2
kr_1020120151681,29-1-2,Rejection_Novelty,3,거절결정서,2015-07-22,kr_1020120151681__29-1-2__r3
kr_1020120151681,29-2-,Rejection_Inventiveness,2,의견제출통지서,2015-01-27,kr_1020120151681__29-2-__r2
kr_1020120151681,29-2-,Rejection_Inventiveness,3,거절결정서,2015-07-22,kr_1020120151681__29-2-__r3
kr_1020120151681,42-4-2,Rejection_ClaimRequirements,1,의견제출통지서,2014-06-16,kr_1020120151681__42-4-2__r1
kr_1020120151681,42-4-2,Rejection_ClaimRequirements,2,의견제출통지서,2015-01-27,kr_1020120151681__42-4-2__r2
kr_1020120152163,29-2-,Rejection_Inventiveness,1,의견제출통지서,2019-01-04,kr_1020120152163__29-2-__r1
kr_1020120152163,42-4-2,Rejection_ClaimRequirements,1,의견제출통지서,2019-01-04,kr_1020120152163__42-4-2__r1
kr_1020120157414,29-1-2,Rejection_Novelty,1,의견제출통지서,2018-04-06,kr_1020120157414__29-1-2__r1
kr_1020120157414,29-2-,Rejection_Inventiveness,1,의견제출통지서,2018-04-06,kr_1020120157414__29-2-__r1
kr_1020120157414,29-2-,Rejection_Inventiveness,2,거절결정서,2018-12-31,kr_1020120157414__29-2-__r2
kr_1020120157415,29-1-2,Rejection_Novelty,1,의견제출통지서,2018-04-06,kr_1020120157415__29-1-2__r1
kr_1020120157415,29-2-,Rejection_Inventiveness,1,의견제출통지서,2018-04-06,kr_1020120157415__29-2-__r1
kr_1020120157415,29-2-,Rejection_Inventiveness,2,거절결정서,2018-12-27,kr_1020120157415__29-2-__r2
kr_1020127008081,29-1-2,Rejection_Novelty,1,의견제출통지서,2013-02-01,kr_1020127008081__29-1-2__r1
kr_1020127008081,29-2-,Rejection_Inventiveness,1,의견제출통지서,2013-02-01,kr_1020127008081__29-2-__r1
kr_1020127008955,29-2-,Rejection_Inventiveness,1,의견제출통지서,2016-09-07,kr_1020127008955__29-2-__r1
kr_1020127008955,29-2-,Rejection_Inventiveness,2,거절결정서,2017-05-16,kr_1020127008955__29-2-__r2
kr_1020127008955,42-4-2,Rejection_ClaimRequirements,1,의견제출통지서,2016-09-07,kr_1020127008955__42-4-2__r1
kr_1020127009299,29-2-,Rejection_Inventiveness,1,의견제출통지서,2016-08-25,kr_1020127009299__29-2-__r1
kr_1020127009299,42-3-,Rejection_Disclosure,1,의견제출통지서,2016-08-25,kr_1020127009299__42-3-__r1
kr_1020127009299,42-4-2,Rejection_ClaimRequirements,1,의견제출통지서,2016-08-25,kr_1020127009299__42-4-2__r1
kr_1020127009380,29-2-,Rejection_Inventiveness,1,의견제출통지서,2014-01-06,kr_1020127009380__29-2-__r1
kr_1020127009380,29-2-,Rejection_Inventiveness,2,거절결정서,2014-11-03,kr_1020127009380__29-2-__r2
kr_1020127009592,29-2-,Rejection_Inventiveness,1,의견제출통지서,2016-09-30,kr_1020127009592__29-2-__r1
kr_1020127009592,29-2-,Rejection_Inventiveness,2,거절결정서,2017-05-16,kr_1020127009592__29-2-__r2
kr_1020127009592,29-2-,Rejection_Inventiveness,3,의견제출통지서,2017-08-10,kr_1020127009592__29-2-__r3
kr_1020127009592,42-4-2,Rejection_ClaimRequirements,1,의견제출통지서,2016-09-30,kr_1020127009592__42-4-2__r1
kr_1020127009592,42-4-2,Rejection_ClaimRequirements,3,의견제출통지서,2017-08-10,kr_1020127009592__42-4-2__r3
kr_1020127011502,29-2-,Rejection_Inventiveness,1,의견제출통지서,2016-11-29,kr_1020127011502__29-2-__r1
kr_1020127011502,29-2-,Rejection_Inventiveness,2,거절결정서,2017-07-27,kr_1020127011502__29-2-__r2
kr_1020127011502,29-2-,Rejection_Inventiveness,3,의견제출통지서,2017-09-26,kr_1020127011502__29-2-__r3
kr_1020127011502,42-3-,Rejection_Disclosure,1,의견제출통지서,2016-11-29,kr_1020127011502__42-3-__r1
kr_1020127011502,42-4-1,Rejection_ClaimRequirements,1,의견제출통지서,2016-11-29,kr_1020127011502__42-4-1__r1
kr_1020127011502,42-4-2,Rejection_ClaimRequirements,1,의견제출통지서,2016-11-29,kr_1020127011502__42-4-2__r1
kr_1020127011502,45,Rejection_UnityOfInvention,1,의견제출통지서,2016-11-29,kr_1020127011502__45__r1
kr_1020127011502,45,Rejection_UnityOfInvention,3,의견제출통지서,2017-09-26,kr_1020127011502__45__r3
kr_1020127014740,29-1-2,Rejection_Novelty,1,의견제출통지서,2016-10-13,kr_1020127014740__29-1-2__r1
kr_1020127014740,29-2-,Rejection_Inventiveness,1,의견제출통지서,2016-10-13,kr_1020127014740__29-2-__r1
kr_1020127014740,29-2-,Rejection_Inventiveness,2,거절결정서,2017-05-25,kr_1020127014740__29-2-__r2
kr_1020127014971,29-2-,Rejection_Inventiveness,1,의견제출통지서,2016-10-13,kr_1020127014971__29-2-__r1
kr_1020127014971,29-2-,Rejection_Inventiveness,2,거절결정서,2017-05-25,kr_1020127014971__29-2-__r2
kr_1020127016689,29-2-,Rejection_Inventiveness,1,의견제출통지서,2013-08-01,kr_1020127016689__29-2-__r1
kr_1020127016689,29-2-,Rejection_Inventiveness,2,거절결정서,2013-12-02,kr_1020127016689__29-2-__r2
kr_1020127019678,29-1-2,Rejection_Novelty,1,의견제출통지서,2016-11-21,kr_1020127019678__29-1-2__r1
kr_1020127019678,29-2-,Rejection_Inventiveness,1,의견제출통지서,2016-11-21,kr_1020127019678__29-2-__r1
kr_1020127019678,29-2-,Rejection_Inventiveness,2,거절결정서,2017-09-15,kr_1020127019678__29-2-__r2
kr_1020127019678,42-4-2,Rejection_ClaimRequirements,1,의견제출통지서,2016-11-21,kr_1020127019678__42-4-2__r1
kr_1020127020228,29-1-,Rejection_Novelty,1,의견제출통지서,2014-02-03,kr_1020127020228__29-1-__r1
kr_1020127020228,29-1-,Rejection_Novelty,2,거절결정서,2014-06-20,kr_1020127020228__29-1-__r2
kr_1020127020228,42-3-1,Rejection_Disclosure,1,의견제출통지서,2014-02-03,kr_1020127020228__42-3-1__r1
kr_1020127020228,42-3-1,Rejection_Disclosure,2,거절결정서,2014-06-20,kr_1020127020228__42-3-1__r2
kr_1020127020228,42-4-2,Rejection_ClaimRequirements,1,의견제출통지서,2014-02-03,kr_1020127020228__42-4-2__r1
kr_1020127020228,42-4-2,Rejection_ClaimRequirements,2,거절결정서,2014-06-20,kr_1020127020228__42-4-2__r2
kr_1020127020842,29-2-,Rejection_Inventiveness,1,의견제출통지서,2015-07-30,kr_1020127020842__29-2-__r1
kr_1020127020842,29-2-,Rejection_Inventiveness,2,거절결정서,2016-03-31,kr_1020127020842__29-2-__r2
kr_1020127020842,45,Rejection_UnityOfInvention,1,의견제출통지서,2015-07-30,kr_1020127020842__45__r1
kr_1020127022208,29-2-,Rejection_Inventiveness,1,의견제출통지서,2017-04-20,kr_1020127022208__29-2-__r1
kr_1020127022208,42-4-2,Rejection_ClaimRequirements,1,의견제출통지서,2017-04-20,kr_1020127022208__42-4-2__r1
kr_1020127024182,29-2-,Rejection_Inventiveness,1,의견제출통지서,2014-01-06,kr_1020127024182__29-2-__r1
kr_1020127024182,29-2-,Rejection_Inventiveness,2,거절결정서,2014-08-20,kr_1020127024182__29-2-__r2
kr_1020127024854,29-2-,Rejection_Inventiveness,1,의견제출통지서,2017-08-14,kr_1020127024854__29-2-__r1
kr_1020127027345,29-2-,Rejection_Inventiveness,1,의견제출통지서,2017-02-19,kr_1020127027345__29-2-__r1
kr_1020127027345,29-2-,Rejection_Inventiveness,2,거절결정서,2017-06-30,kr_1020127027345__29-2-__r2
kr_1020127027345,42-4-2,Rejection_ClaimRequirements,1,의견제출통지서,2017-02-19,kr_1020127027345__42-4-2__r1
kr_1020127030180,29-2-,Rejection_Inventiveness,1,의견제출통지서,2015-11-23,kr_1020127030180__29-2-__r1
kr_1020127030180,29-2-,Rejection_Inventiveness,2,거절결정서,2016-05-31,kr_1020127030180__29-2-__r2
kr_1020127030180,42-3-,Rejection_Disclosure,1,의견제출통지서,2015-11-23,kr_1020127030180__42-3-__r1
kr_1020127030180,42-4-2,Rejection_ClaimRequirements,1,의견제출통지서,2015-11-23,kr_1020127030180__42-4-2__r1
kr_1020130002569,29-2-,Rejection_Inventiveness,1,의견제출통지서,2015-08-20,kr_1020130002569__29-2-__r1
kr_1020130007284,29-2-,Rejection_Inventiveness,1,의견제출통지서,2014-03-20,kr_1020130007284__29-2-__r1
kr_1020130007284,29-2-,Rejection_Inventiveness,2,의견제출통지서,2014-11-28,kr_1020130007284__29-2-__r2
kr_1020130007284,29-2-,Rejection_Inventiveness,3,거절결정서,2015-07-28,kr_1020130007284__29-2-__r3
kr_1020130007284,42-4-2,Rejection_ClaimRequirements,1,의견제출통지서,2014-03-20,kr_1020130007284__42-4-2__r1
kr_1020130007284,42-4-2,Rejection_ClaimRequirements,2,의견제출통지서,2014-11-28,kr_1020130007284__42-4-2__r2
kr_1020130012026,29-1-2,Rejection_Novelty,1,의견제출통지서,2014-03-25,kr_1020130012026__29-1-2__r1
kr_1020130012026,29-2-,Rejection_Inventiveness,1,의견제출통지서,2014-03-25,kr_1020130012026__29-2-__r1
kr_1020130012026,29-2-,Rejection_Inventiveness,2,거절결정서,2014-10-29,kr_1020130012026__29-2-__r2
kr_1020130012026,42-4-2,Rejection_ClaimRequirements,1,의견제출통지서,2014-03-25,kr_1020130012026__42-4-2__r1
kr_1020130032248,29-2-,Rejection_Inventiveness,1,의견제출통지서,2014-07-08,kr_1020130032248__29-2-__r1
kr_1020130032248,29-2-,Rejection_Inventiveness,2,거절결정서,2015-01-12,kr_1020130032248__29-2-__r2
kr_1020130032248,42-4-2,Rejection_ClaimRequirements,1,의견제출통지서,2014-07-08,kr_1020130032248__42-4-2__r1
kr_1020130033058,29-2-,Rejection_Inventiveness,1,의견제출통지서,2014-08-01,kr_1020130033058__29-2-__r1
kr_1020130033058,29-2-,Rejection_Inventiveness,2,거절결정서,2015-02-05,kr_1020130033058__29-2-__r2
kr_1020130035446,29-1-2,Rejection_Novelty,1,의견제출통지서,2019-04-05,kr_1020130035446__29-1-2__r1
kr_1020130035446,29-2-,Rejection_Inventiveness,1,의견제출통지서,2019-04-05,kr_1020130035446__29-2-__r1
kr_1020130041070,29-2-,Rejection_Inventiveness,1,의견제출통지서,2019-10-18,kr_1020130041070__29-2-__r1
kr_1020130041070,29-2-,Rejection_Inventiveness,2,거절결정서,2020-04-24,kr_1020130041070__29-2-__r2
kr_1020130041070,42-4-2,Rejection_ClaimRequirements,1,의견제출통지서,2019-10-18,kr_1020130041070__42-4-2__r1
kr_1020130060541,29-2-,Rejection_Inventiveness,1,의견제출통지서,2019-05-21,kr_1020130060541__29-2-__r1
kr_1020130060541,29-2-,Rejection_Inventiveness,2,거절결정서,2019-11-27,kr_1020130060541__29-2-__r2
kr_1020130064700,29-2-,Rejection_Inventiveness,1,의견제출통지서,2019-02-12,kr_1020130064700__29-2-__r1
kr_1020130064700,29-2-,Rejection_Inventiveness,2,거절결정서,2019-08-20,kr_1020130064700__29-2-__r2
kr_1020130064700,42-4-2,Rejection_ClaimRequirements,1,의견제출통지서,2019-02-12,kr_1020130064700__42-4-2__r1
kr_1020130079498,29-1-2,Rejection_Novelty,1,의견제출통지서,2019-11-14,kr_1020130079498__29-1-2__r1
kr_1020130079498,29-2-,Rejection_Inventiveness,1,의견제출통지서,2019-11-14,kr_1020130079498__29-2-__r1
kr_1020130079498,29-2-,Rejection_Inventiveness,2,거절결정서,2020-02-14,kr_1020130079498__29-2-__r2
kr_1020130090620,29-2-,Rejection_Inventiveness,1,의견제출통지서,2018-08-29,kr_1020130090620__29-2-__r1
kr_1020130090620,29-2-,Rejection_Inventiveness,2,거절결정서,2018-12-31,kr_1020130090620__29-2-__r2
kr_1020130090620,42-3-1,Rejection_Disclosure,1,의견제출통지서,2018-08-29,kr_1020130090620__42-3-1__r1
kr_1020130090620,42-3-1,Rejection_Disclosure,2,거절결정서,2018-12-31,kr_1020130090620__42-3-1__r2
kr_1020130090620,45,Rejection_UnityOfInvention,1,의견제출통지서,2018-08-29,kr_1020130090620__45__r1
kr_1020130090620,45,Rejection_UnityOfInvention,2,거절결정서,2018-12-31,kr_1020130090620__45__r2
kr_1020130091917,29-2-,Rejection_Inventiveness,1,의견제출통지서,2013-08-27,kr_1020130091917__29-2-__r1
kr_1020130091970,29-2-,Rejection_Inventiveness,1,의견제출통지서,2019-09-20,kr_1020130091970__29-2-__r1
kr_1020130097456,29-2-,Rejection_Inventiveness,1,의견제출통지서,2015-08-11,kr_1020130097456__29-2-__r1
kr_1020130097456,42-4-2,Rejection_ClaimRequirements,1,의견제출통지서,2015-08-11,kr_1020130097456__42-4-2__r1
kr_1020130113863,29-2-,Rejection_Inventiveness,1,의견제출통지서,2019-06-20,kr_1020130113863__29-2-__r1
kr_1020130131028,29-2-,Rejection_Inventiveness,1,의견제출통지서,2018-03-02,kr_1020130131028__29-2-__r1
kr_1020130131028,42-4-2,Rejection_ClaimRequirements,1,의견제출통지서,2018-03-02,kr_1020130131028__42-4-2__r1
kr_1020130142563,29-2-,Rejection_Inventiveness,1,의견제출통지서,2015-02-27,kr_1020130142563__29-2-__r1
kr_1020130142563,29-2-,Rejection_Inventiveness,2,거절결정서,2015-11-23,kr_1020130142563__29-2-__r2
kr_1020130157028,29-2-,Rejection_Inventiveness,1,의견제출통지서,2015-05-07,kr_1020130157028__29-2-__r1
kr_1020130157028,29-2-,Rejection_Inventiveness,2,거절결정서,2015-11-02,kr_1020130157028__29-2-__r2
kr_1020130157028,42-3-1,Rejection_Disclosure,1,의견제출통지서,2015-05-07,kr_1020130157028__42-3-1__r1
kr_1020130157028,42-3-1,Rejection_Disclosure,2,거절결정서,2015-11-02,kr_1020130157028__42-3-1__r2
kr_1020130157028,42-4-2,Rejection_ClaimRequirements,1,의견제출통지서,2015-05-07,kr_1020130157028__42-4-2__r1
kr_1020130157028,42-4-2,Rejection_ClaimRequirements,2,거절결정서,2015-11-02,kr_1020130157028__42-4-2__r2
kr_1020130158174,29-2-,Rejection_Inventiveness,1,의견제출통지서,2014-12-29,kr_1020130158174__29-2-__r1
kr_1020130158174,29-2-,Rejection_Inventiveness,2,의견제출통지서,2015-07-31,kr_1020130158174__29-2-__r2
kr_1020130158174,29-2-,Rejection_Inventiveness,3,거절결정서,2016-03-08,kr_1020130158174__29-2-__r3
kr_1020130162314,29-2-,Rejection_Inventiveness,1,의견제출통지서,2020-03-27,kr_1020130162314__29-2-__r1
kr_1020130162314,29-2-,Rejection_Inventiveness,2,거절결정서,2020-10-30,kr_1020130162314__29-2-__r2
kr_1020130162314,42-4-2,Rejection_ClaimRequirements,1,의견제출통지서,2020-03-27,kr_1020130162314__42-4-2__r1
kr_1020137001793,29-2-,Rejection_Inventiveness,1,의견제출통지서,2014-06-02,kr_1020137001793__29-2-__r1
kr_1020137001793,29-2-,Rejection_Inventiveness,2,거절결정서,2015-02-05,kr_1020137001793__29-2-__r2
kr_1020137001793,42-3-,Rejection_Disclosure,1,의견제출통지서,2014-06-02,kr_1020137001793__42-3-__r1
kr_1020137001793,42-4-2,Rejection_ClaimRequirements,1,의견제출통지서,2014-06-02,kr_1020137001793__42-4-2__r1
kr_1020137003171,29-1-2,Rejection_Novelty,1,의견제출통지서,2013-12-26,kr_1020137003171__29-1-2__r1
kr_1020137003171,29-2-,Rejection_Inventiveness,1,의견제출통지서,2013-12-26,kr_1020137003171__29-2-__r1
kr_1020137006043,29-2-,Rejection_Inventiveness,1,의견제출통지서,2014-03-19,kr_1020137006043__29-2-__r1
kr_1020137006043,29-2-,Rejection_Inventiveness,2,거절결정서,2014-08-14,kr_1020137006043__29-2-__r2
kr_1020137006043,42-4-2,Rejection_ClaimRequirements,1,의견제출통지서,2014-03-19,kr_1020137006043__42-4-2__r1
kr_1020137006043,45,Rejection_UnityOfInvention,1,의견제출통지서,2014-03-19,kr_1020137006043__45__r1
kr_1020137006789,29-1-2,Rejection_Novelty,1,의견제출통지서,2017-07-04,kr_1020137006789__29-1-2__r1
kr_1020137006789,29-2-,Rejection_Inventiveness,1,의견제출통지서,2017-07-04,kr_1020137006789__29-2-__r1
kr_1020137007216,29-2-,Rejection_Inventiveness,1,의견제출통지서,2014-07-07,kr_1020137007216__29-2-__r1
kr_1020137007216,29-2-,Rejection_Inventiveness,2,거절결정서,2015-01-15,kr_1020137007216__29-2-__r2
kr_1020137007676,29-2-,Rejection_Inventiveness,1,의견제출통지서,2017-11-03,kr_1020137007676__29-2-__r1
kr_1020137007676,29-2-,Rejection_Inventiveness,2,거절결정서,2018-02-20,kr_1020137007676__29-2-__r2
kr_1020137007759,29-2-,Rejection_Inventiveness,1,의견제출통지서,2014-11-27,kr_1020137007759__29-2-__r1
kr_1020137008122,29-1-2,Rejection_Novelty,1,의견제출통지서,2014-06-12,kr_1020137008122__29-1-2__r1
kr_1020137008122,29-2-,Rejection_Inventiveness,1,의견제출통지서,2014-06-12,kr_1020137008122__29-2-__r1
kr_1020137008122,29-2-,Rejection_Inventiveness,2,거절결정서,2015-03-16,kr_1020137008122__29-2-__r2
kr_1020137008124,29-2-,Rejection_Inventiveness,1,의견제출통지서,2014-02-13,kr_1020137008124__29-2-__r1
kr_1020137008124,29-2-,Rejection_Inventiveness,2,거절결정서,2015-02-11,kr_1020137008124__29-2-__r2
kr_1020137008124,42-4-2,Rejection_ClaimRequirements,1,의견제출통지서,2014-02-13,kr_1020137008124__42-4-2__r1
kr_1020137008425,29-2-,Rejection_Inventiveness,1,의견제출통지서,2018-02-19,kr_1020137008425__29-2-__r1
kr_1020137008425,29-2-,Rejection_Inventiveness,2,의견제출통지서,2018-12-17,kr_1020137008425__29-2-__r2
kr_1020137008425,29-2-,Rejection_Inventiveness,3,거절결정서,2019-08-29,kr_1020137008425__29-2-__r3
kr_1020137008425,42-3-1,Rejection_Disclosure,1,의견제출통지서,2018-02-19,kr_1020137008425__42-3-1__r1
kr_1020137008425,42-4-2,Rejection_ClaimRequirements,1,의견제출통지서,2018-02-19,kr_1020137008425__42-4-2__r1
kr_1020137008425,42-4-2,Rejection_ClaimRequirements,2,의견제출통지서,2018-12-17,kr_1020137008425__42-4-2__r2
kr_1020137008425,45,Rejection_UnityOfInvention,1,의견제출통지서,2018-02-19,kr_1020137008425__45__r1
kr_1020137008784,29-1-2,Rejection_Novelty,1,의견제출통지서,2015-03-18,kr_1020137008784__29-1-2__r1
kr_1020137008784,29-2-,Rejection_Inventiveness,1,의견제출통지서,2015-03-18,kr_1020137008784__29-2-__r1
kr_1020137008784,29-2-,Rejection_Inventiveness,2,의견제출통지서,2016-01-20,kr_1020137008784__29-2-__r2
kr_1020137008784,29-2-,Rejection_Inventiveness,3,거절결정서,2016-06-10,kr_1020137008784__29-2-__r3
kr_1020137008784,42-8-,Rejection_ClaimFormat,1,의견제출통지서,2015-03-18,kr_1020137008784__42-8-__r1
kr_1020137011769,29-2-,Rejection_Inventiveness,1,의견제출통지서,2017-11-28,kr_1020137011769__29-2-__r1
kr_1020137011769,29-2-,Rejection_Inventiveness,2,의견제출통지서,2018-05-30,kr_1020137011769__29-2-__r2
kr_1020137011769,29-2-,Rejection_Inventiveness,3,거절결정서,2018-12-26,kr_1020137011769__29-2-__r3
kr_1020137011769,42-8-,Rejection_ClaimFormat,1,의견제출통지서,2017-11-28,kr_1020137011769__42-8-__r1
kr_1020137015643,29-2-,Rejection_Inventiveness,1,의견제출통지서,2016-12-01,kr_1020137015643__29-2-__r1
kr_1020137015643,29-2-,Rejection_Inventiveness,2,거절결정서,2017-09-04,kr_1020137015643__29-2-__r2
kr_1020137015643,42-3-1,Rejection_Disclosure,1,의견제출통지서,2016-12-01,kr_1020137015643__42-3-1__r1
kr_1020137015643,42-4-2,Rejection_ClaimRequirements,1,의견제출통지서,2016-12-01,kr_1020137015643__42-4-2__r1
kr_1020137015867,29-2-,Rejection_Inventiveness,1,의견제출통지서,2014-04-03,kr_1020137015867__29-2-__r1
kr_1020137015867,42-8-,Rejection_ClaimFormat,1,의견제출통지서,2014-04-03,kr_1020137015867__42-8-__r1
kr_1020137016522,29-1-2,Rejection_Novelty,1,의견제출통지서,2014-05-23,kr_1020137016522__29-1-2__r1
kr_1020137016522,29-1-2,Rejection_Novelty,2,의견제출통지서,2014-06-11,kr_1020137016522__29-1-2__r2
kr_1020137016522,29-2-,Rejection_Inventiveness,1,의견제출통지서,2014-05-23,kr_1020137016522__29-2-__r1
kr_1020137016522,29-2-,Rejection_Inventiveness,2,의견제출통지서,2014-06-11,kr_1020137016522__29-2-__r2
kr_1020137016522,29-2-,Rejection_Inventiveness,3,의견제출통지서,2014-12-18,kr_1020137016522__29-2-__r3
kr_1020137016522,29-2-,Rejection_Inventiveness,4,거절결정서,2015-06-26,kr_1020137016522__29-2-__r4
kr_1020137019144,29-2-,Rejection_Inventiveness,1,의견제출통지서,2018-01-22,kr_1020137019144__29-2-__r1
kr_1020137019144,42-4-2,Rejection_ClaimRequirements,1,의견제출통지서,2018-01-22,kr_1020137019144__42-4-2__r1
kr_1020137020128,29-2-,Rejection_Inventiveness,1,의견제출통지서,2018-03-13,kr_1020137020128__29-2-__r1
kr_1020137022174,29-2-,Rejection_Inventiveness,1,의견제출통지서,2014-07-16,kr_1020137022174__29-2-__r1
kr_1020137022174,29-2-,Rejection_Inventiveness,2,거절결정서,2015-01-27,kr_1020137022174__29-2-__r2
kr_1020137022174,42-4-2,Rejection_ClaimRequirements,1,의견제출통지서,2014-07-16,kr_1020137022174__42-4-2__r1
kr_1020137027103,29-2-,Rejection_Inventiveness,1,의견제출통지서,2015-08-17,kr_1020137027103__29-2-__r1
kr_1020137027103,29-2-,Rejection_Inventiveness,2,거절결정서,2016-01-12,kr_1020137027103__29-2-__r2
kr_1020137027103,42-4-2,Rejection_ClaimRequirements,1,의견제출통지서,2015-08-17,kr_1020137027103__42-4-2__r1
kr_1020137027828,29-2-,Rejection_Inventiveness,1,의견제출통지서,2018-01-15,kr_1020137027828__29-2-__r1
kr_1020137027828,29-2-,Rejection_Inventiveness,2,거절결정서,2018-07-17,kr_1020137027828__29-2-__r2
kr_1020137028184,29-1-2,Rejection_Novelty,1,의견제출통지서,2014-11-20,kr_1020137028184__29-1-2__r1
kr_1020137028184,29-2-,Rejection_Inventiveness,1,의견제출통지서,2014-11-20,kr_1020137028184__29-2-__r1
kr_1020137028184,29-2-,Rejection_Inventiveness,2,거절결정서,2015-08-11,kr_1020137028184__29-2-__r2
kr_1020137028184,45,Rejection_UnityOfInvention,1,의견제출통지서,2014-11-20,kr_1020137028184__45__r1
kr_1020137033903,29-1-2,Rejection_Novelty,1,의견제출통지서,2017-08-01,kr_1020137033903__29-1-2__r1
kr_1020137033903,29-2-,Rejection_Inventiveness,1,의견제출통지서,2017-08-01,kr_1020137033903__29-2-__r1
kr_1020137033903,29-2-,Rejection_Inventiveness,2,거절결정서,2017-12-11,kr_1020137033903__29-2-__r2
kr_1020137033903,42-4-1,Rejection_ClaimRequirements,1,의견제출통지서,2017-08-01,kr_1020137033903__42-4-1__r1
kr_1020137033903,42-4-2,Rejection_ClaimRequirements,1,의견제출통지서,2017-08-01,kr_1020137033903__42-4-2__r1
kr_1020137035127,29-1-2,Rejection_Novelty,1,의견제출통지서,2018-08-17,kr_1020137035127__29-1-2__r1
kr_1020137035127,29-2-,Rejection_Inventiveness,1,의견제출통지서,2018-08-17,kr_1020137035127__29-2-__r1
kr_1020137035127,29-2-,Rejection_Inventiveness,2,거절결정서,2019-02-26,kr_1020137035127__29-2-__r2
kr_1020137035127,42-3-1,Rejection_Disclosure,1,의견제출통지서,2018-08-17,kr_1020137035127__42-3-1__r1
kr_1020137035127,42-3-1,Rejection_Disclosure,2,거절결정서,2019-02-26,kr_1020137035127__42-3-1__r2
kr_1020137035127,42-4-2,Rejection_ClaimRequirements,1,의견제출통지서,2018-08-17,kr_1020137035127__42-4-2__r1
kr_1020137035127,45,Rejection_UnityOfInvention,1,의견제출통지서,2018-08-17,kr_1020137035127__45__r1
kr_1020137035127,45,Rejection_UnityOfInvention,2,거절결정서,2019-02-26,kr_1020137035127__45__r2
kr_1020140000858,29-1-2,Rejection_Novelty,1,의견제출통지서,2015-03-17,kr_1020140000858__29-1-2__r1
kr_1020140000858,29-2-,Rejection_Inventiveness,1,의견제출통지서,2015-03-17,kr_1020140000858__29-2-__r1
kr_1020140000858,29-2-,Rejection_Inventiveness,2,의견제출통지서,2015-09-11,kr_1020140000858__29-2-__r2
kr_1020140000858,29-2-,Rejection_Inventiveness,3,거절결정서,2016-04-11,kr_1020140000858__29-2-__r3
kr_1020140000891,29-2-,Rejection_Inventiveness,1,의견제출통지서,2015-03-19,kr_1020140000891__29-2-__r1
kr_1020140000891,29-2-,Rejection_Inventiveness,2,거절결정서,2015-09-21,kr_1020140000891__29-2-__r2
kr_1020140000891,42-3-1,Rejection_Disclosure,1,의견제출통지서,2015-03-19,kr_1020140000891__42-3-1__r1
kr_1020140009165,29-2-,Rejection_Inventiveness,2,의견제출통지서,2020-06-19,kr_1020140009165__29-2-__r2
kr_1020140011201,29-1-2,Rejection_Novelty,1,의견제출통지서,2015-01-13,kr_1020140011201__29-1-2__r1
kr_1020140011201,29-2-,Rejection_Inventiveness,1,의견제출통지서,2015-01-13,kr_1020140011201__29-2-__r1
kr_1020140011201,29-2-,Rejection_Inventiveness,2,거절결정서,2015-11-11,kr_1020140011201__29-2-__r2
kr_1020140011201,42-4-2,Rejection_ClaimRequirements,1,의견제출통지서,2015-01-13,kr_1020140011201__42-4-2__r1
kr_1020140024106,29-2-,Rejection_Inventiveness,1,의견제출통지서,2016-05-09,kr_1020140024106__29-2-__r1
kr_1020140024106,42-4-2,Rejection_ClaimRequirements,1,의견제출통지서,2016-05-09,kr_1020140024106__42-4-2__r1
kr_1020140034220,29-2-,Rejection_Inventiveness,1,의견제출통지서,2015-08-03,kr_1020140034220__29-2-__r1
kr_1020140034220,42-4-2,Rejection_ClaimRequirements,1,의견제출통지서,2015-08-03,kr_1020140034220__42-4-2__r1
kr_1020140037880,29-2-,Rejection_Inventiveness,1,의견제출통지서,2020-01-31,kr_1020140037880__29-2-__r1
kr_1020140041628,29-2-,Rejection_Inventiveness,1,의견제출통지서,2020-02-28,kr_1020140041628__29-2-__r1
kr_1020140041628,29-2-,Rejection_Inventiveness,2,거절결정서,2020-09-25,kr_1020140041628__29-2-__r2
kr_1020140047673,29-2-,Rejection_Inventiveness,1,의견제출통지서,2015-06-16,kr_1020140047673__29-2-__r1
kr_1020140047673,29-2-,Rejection_Inventiveness,2,의견제출통지서,2015-12-15,kr_1020140047673__29-2-__r2
kr_1020140047673,29-2-,Rejection_Inventiveness,3,거절결정서,2016-06-20,kr_1020140047673__29-2-__r3
kr_1020140047673,36-2-,Rejection_SameDayFiling,1,의견제출통지서,2015-06-16,kr_1020140047673__36-2-__r1
kr_1020140047673,42-4-2,Rejection_ClaimRequirements,1,의견제출통지서,2015-06-16,kr_1020140047673__42-4-2__r1
kr_1020140047673,42-8-,Rejection_ClaimFormat,1,의견제출통지서,2015-06-16,kr_1020140047673__42-8-__r1
kr_1020140047673,45,Rejection_UnityOfInvention,1,의견제출통지서,2015-06-16,kr_1020140047673__45__r1
kr_1020140047932,29-1-2,Rejection_Novelty,1,의견제출통지서,2015-05-26,kr_1020140047932__29-1-2__r1
kr_1020140047932,29-2-,Rejection_Inventiveness,1,의견제출통지서,2015-05-26,kr_1020140047932__29-2-__r1
kr_1020140047932,29-2-,Rejection_Inventiveness,2,거절결정서,2015-09-30,kr_1020140047932__29-2-__r2
kr_1020140059539,29-2-,Rejection_Inventiveness,1,의견제출통지서,2020-04-07,kr_1020140059539__29-2-__r1
kr_1020140059539,29-2-,Rejection_Inventiveness,2,거절결정서,2020-11-25,kr_1020140059539__29-2-__r2
kr_1020140059539,42-4-2,Rejection_ClaimRequirements,1,의견제출통지서,2020-04-07,kr_1020140059539__42-4-2__r1
kr_1020140070032,29-2-,Rejection_Inventiveness,1,의견제출통지서,2015-06-05,kr_1020140070032__29-2-__r1
kr_1020140070032,29-2-,Rejection_Inventiveness,2,거절결정서,2016-01-03,kr_1020140070032__29-2-__r2
kr_1020140070658,29-2-,Rejection_Inventiveness,1,의견제출통지서,2015-05-20,kr_1020140070658__29-2-__r1
kr_1020140070658,29-2-,Rejection_Inventiveness,2,의견제출통지서,2015-11-18,kr_1020140070658__29-2-__r2
kr_1020140070658,29-2-,Rejection_Inventiveness,3,거절결정서,2017-01-09,kr_1020140070658__29-2-__r3
kr_1020140070658,42-4-2,Rejection_ClaimRequirements,1,의견제출통지서,2015-05-20,kr_1020140070658__42-4-2__r1
kr_1020140077241,29-2-,Rejection_Inventiveness,1,의견제출통지서,2020-06-17,kr_1020140077241__29-2-__r1
kr_1020140077930,29-2-,Rejection_Inventiveness,1,의견제출통지서,2016-09-27,kr_1020140077930__29-2-__r1
kr_1020140077930,29-2-,Rejection_Inventiveness,2,거절결정서,2017-05-12,kr_1020140077930__29-2-__r2
kr_1020140077930,42-4-1,Rejection_ClaimRequirements,1,의견제출통지서,2016-09-27,kr_1020140077930__42-4-1__r1
kr_1020140083150,29-2-,Rejection_Inventiveness,1,의견제출통지서,2014-08-27,kr_1020140083150__29-2-__r1
kr_1020140083150,36-2-,Rejection_SameDayFiling,1,의견제출통지서,2014-08-27,kr_1020140083150__36-2-__r1
kr_1020140083150,42-4-1,Rejection_ClaimRequirements,2,의견제출통지서,2014-11-28,kr_1020140083150__42-4-1__r2
kr_1020140083150,42-4-2,Rejection_ClaimRequirements,2,의견제출통지서,2014-11-28,kr_1020140083150__42-4-2__r2
kr_1020140091132,29-2-,Rejection_Inventiveness,1,의견제출통지서,2015-06-18,kr_1020140091132__29-2-__r1
kr_1020140091132,29-2-,Rejection_Inventiveness,2,거절결정서,2016-05-23,kr_1020140091132__29-2-__r2
kr_1020140096727,29-2-,Rejection_Inventiveness,1,의견제출통지서,2015-08-04,kr_1020140096727__29-2-__r1
kr_1020140096727,29-2-,Rejection_Inventiveness,2,거절결정서,2016-07-04,kr_1020140096727__29-2-__r2
kr_1020140110888,29-2-,Rejection_Inventiveness,1,의견제출통지서,2015-12-30,kr_1020140110888__29-2-__r1
kr_1020140110888,29-2-,Rejection_Inventiveness,2,거절결정서,2016-07-16,kr_1020140110888__29-2-__r2
kr_1020140110888,29-2-,Rejection_Inventiveness,3,의견제출통지서,2018-03-12,kr_1020140110888__29-2-__r3
kr_1020140113447,29-2-,Rejection_Inventiveness,1,의견제출통지서,2014-12-01,kr_1020140113447__29-2-__r1
kr_1020140113447,42-4-2,Rejection_ClaimRequirements,1,의견제출통지서,2014-12-01,kr_1020140113447__42-4-2__r1
kr_1020140116106,29-1-2,Rejection_Novelty,1,의견제출통지서,2015-05-22,kr_1020140116106__29-1-2__r1
kr_1020140116106,29-1-2,Rejection_Novelty,2,거절결정서,2016-02-01,kr_1020140116106__29-1-2__r2
kr_1020140116106,29-2-,Rejection_Inventiveness,1,의견제출통지서,2015-05-22,kr_1020140116106__29-2-__r1
kr_1020140116106,29-2-,Rejection_Inventiveness,2,거절결정서,2016-02-01,kr_1020140116106__29-2-__r2
kr_1020140128422,29-1-2,Rejection_Novelty,1,의견제출통지서,2017-08-31,kr_1020140128422__29-1-2__r1
kr_1020140128422,29-2-,Rejection_Inventiveness,1,의견제출통지서,2017-08-31,kr_1020140128422__29-2-__r1
kr_1020140128422,29-2-,Rejection_Inventiveness,2,거절결정서,2018-07-09,kr_1020140128422__29-2-__r2
kr_1020140129295,29-1-2,Rejection_Novelty,1,의견제출통지서,2015-11-15,kr_1020140129295__29-1-2__r1
kr_1020140129295,29-2-,Rejection_Inventiveness,1,의견제출통지서,2015-11-15,kr_1020140129295__29-2-__r1
kr_1020140129295,29-2-,Rejection_Inventiveness,2,거절결정서,2016-07-28,kr_1020140129295__29-2-__r2
kr_1020140129295,42-4-2,Rejection_ClaimRequirements,1,의견제출통지서,2015-11-15,kr_1020140129295__42-4-2__r1
kr_1020140132455,45,Rejection_UnityOfInvention,1,의견제출통지서,2021-05-18,kr_1020140132455__45__r1
kr_1020140132683,29-2-,Rejection_Inventiveness,1,의견제출통지서,2015-06-29,kr_1020140132683__29-2-__r1
kr_1020140132683,29-2-,Rejection_Inventiveness,2,거절결정서,2015-09-30,kr_1020140132683__29-2-__r2
kr_1020140132683,42-4-2,Rejection_ClaimRequirements,1,의견제출통지서,2015-06-29,kr_1020140132683__42-4-2__r1
kr_1020140145151,29-2-,Rejection_Inventiveness,1,의견제출통지서,2016-02-11,kr_1020140145151__29-2-__r1
kr_1020140145151,29-2-,Rejection_Inventiveness,2,거절결정서,2016-07-14,kr_1020140145151__29-2-__r2
kr_1020140145151,42-4-2,Rejection_ClaimRequirements,1,의견제출통지서,2016-02-11,kr_1020140145151__42-4-2__r1
kr_1020140145438,29-1-2,Rejection_Novelty,1,의견제출통지서,2015-08-19,kr_1020140145438__29-1-2__r1
kr_1020140145438,29-2-,Rejection_Inventiveness,1,의견제출통지서,2015-08-19,kr_1020140145438__29-2-__r1
kr_1020140145438,29-2-,Rejection_Inventiveness,2,의견제출통지서,2016-02-24,kr_1020140145438__29-2-__r2
kr_1020140145438,29-2-,Rejection_Inventiveness,3,의견제출통지서,2016-10-31,kr_1020140145438__29-2-__r3
kr_1020140145438,29-2-,Rejection_Inventiveness,4,거절결정서,2017-01-17,kr_1020140145438__29-2-__r4
kr_1020140145461,29-1-2,Rejection_Novelty,1,의견제출통지서,2020-09-16,kr_1020140145461__29-1-2__r1
kr_1020140145461,29-2-,Rejection_Inventiveness,1,의견제출통지서,2020-09-16,kr_1020140145461__29-2-__r1
kr_1020140145461,29-2-,Rejection_Inventiveness,2,거절결정서,2021-03-23,kr_1020140145461__29-2-__r2
kr_1020140148676,29-2-,Rejection_Inventiveness,1,의견제출통지서,2016-03-02,kr_1020140148676__29-2-__r1
kr_1020140148676,29-2-,Rejection_Inventiveness,2,거절결정서,2016-07-13,kr_1020140148676__29-2-__r2
kr_1020140148676,42-3-1,Rejection_Disclosure,1,의견제출통지서,2016-03-02,kr_1020140148676__42-3-1__r1
kr_1020140148676,42-4-2,Rejection_ClaimRequirements,1,의견제출통지서,2016-03-02,kr_1020140148676__42-4-2__r1
kr_1020140148694,29-2-,Rejection_Inventiveness,1,의견제출통지서,2016-03-02,kr_1020140148694__29-2-__r1
kr_1020140148694,29-2-,Rejection_Inventiveness,2,거절결정서,2016-07-13,kr_1020140148694__29-2-__r2
kr_1020140148694,42-3-1,Rejection_Disclosure,1,의견제출통지서,2016-03-02,kr_1020140148694__42-3-1__r1
kr_1020140148694,42-4-2,Rejection_ClaimRequirements,1,의견제출통지서,2016-03-02,kr_1020140148694__42-4-2__r1
kr_1020140150219,29-2-,Rejection_Inventiveness,1,의견제출통지서,2018-08-22,kr_1020140150219__29-2-__r1
kr_1020140150219,42-8-,Rejection_ClaimFormat,1,의견제출통지서,2018-08-22,kr_1020140150219__42-8-__r1
kr_1020140151488,29-1-2,Rejection_Novelty,1,의견제출통지서,2016-02-17,kr_1020140151488__29-1-2__r1
kr_1020140151488,29-2-,Rejection_Inventiveness,1,의견제출통지서,2016-02-17,kr_1020140151488__29-2-__r1
kr_1020140151488,29-2-,Rejection_Inventiveness,2,거절결정서,2016-12-16,kr_1020140151488__29-2-__r2
kr_1020140170450,29-1-2,Rejection_Novelty,1,의견제출통지서,2015-10-21,kr_1020140170450__29-1-2__r1
kr_1020140170450,29-2-,Rejection_Inventiveness,1,의견제출통지서,2015-10-21,kr_1020140170450__29-2-__r1
kr_1020140170450,29-2-,Rejection_Inventiveness,2,거절결정서,2016-06-17,kr_1020140170450__29-2-__r2
kr_1020140170450,42-4-2,Rejection_ClaimRequirements,1,의견제출통지서,2015-10-21,kr_1020140170450__42-4-2__r1
kr_1020140193744,29-2-,Rejection_Inventiveness,1,의견제출통지서,2016-05-09,kr_1020140193744__29-2-__r1
kr_1020140193744,29-2-,Rejection_Inventiveness,2,거절결정서,2016-12-14,kr_1020140193744__29-2-__r2
kr_1020140193744,42-4-2,Rejection_ClaimRequirements,1,의견제출통지서,2016-05-09,kr_1020140193744__42-4-2__r1
kr_1020147006096,29-1-2,Rejection_Novelty,1,의견제출통지서,2015-08-03,kr_1020147006096__29-1-2__r1
kr_1020147006096,29-2-,Rejection_Inventiveness,1,의견제출통지서,2015-08-03,kr_1020147006096__29-2-__r1
kr_1020147006096,29-2-,Rejection_Inventiveness,2,거절결정서,2016-06-01,kr_1020147006096__29-2-__r2
kr_1020147006096,45,Rejection_UnityOfInvention,1,의견제출통지서,2015-08-03,kr_1020147006096__45__r1
kr_1020147006096,45,Rejection_UnityOfInvention,2,거절결정서,2016-06-01,kr_1020147006096__45__r2
kr_1020147006450,29-2-,Rejection_Inventiveness,1,의견제출통지서,2018-12-19,kr_1020147006450__29-2-__r1
kr_1020147006450,45,Rejection_UnityOfInvention,1,의견제출통지서,2018-12-19,kr_1020147006450__45__r1
kr_1020147006805,29-1-2,Rejection_Novelty,1,의견제출통지서,2015-01-19,kr_1020147006805__29-1-2__r1
kr_1020147006805,29-1-2,Rejection_Novelty,2,거절결정서,2015-04-21,kr_1020147006805__29-1-2__r2
kr_1020147006805,29-2-,Rejection_Inventiveness,1,의견제출통지서,2015-01-19,kr_1020147006805__29-2-__r1
kr_1020147006805,29-2-,Rejection_Inventiveness,2,거절결정서,2015-04-21,kr_1020147006805__29-2-__r2
kr_1020147008640,29-2-,Rejection_Inventiveness,1,의견제출통지서,2015-07-20,kr_1020147008640__29-2-__r1
kr_1020147008640,29-2-,Rejection_Inventiveness,2,거절결정서,2016-01-22,kr_1020147008640__29-2-__r2
kr_1020147008640,42-4-1,Rejection_ClaimRequirements,1,의견제출통지서,2015-07-20,kr_1020147008640__42-4-1__r1
kr_1020147008640,42-4-2,Rejection_ClaimRequirements,1,의견제출통지서,2015-07-20,kr_1020147008640__42-4-2__r1
kr_1020147012232,29-2-,Rejection_Inventiveness,1,의견제출통지서,2015-09-02,kr_1020147012232__29-2-__r1
kr_1020147012232,29-2-,Rejection_Inventiveness,2,거절결정서,2016-02-05,kr_1020147012232__29-2-__r2
kr_1020147012232,45,Rejection_UnityOfInvention,1,의견제출통지서,2015-09-02,kr_1020147012232__45__r1
kr_1020147012232,45,Rejection_UnityOfInvention,2,거절결정서,2016-02-05,kr_1020147012232__45__r2
kr_1020147012459,29-2-,Rejection_Inventiveness,1,의견제출통지서,2015-04-13,kr_1020147012459__29-2-__r1
kr_1020147012459,29-2-,Rejection_Inventiveness,2,의견제출통지서,2016-03-09,kr_1020147012459__29-2-__r2
kr_1020147021919,29-2-,Rejection_Inventiveness,1,의견제출통지서,2016-06-30,kr_1020147021919__29-2-__r1
kr_1020147021919,42-4-2,Rejection_ClaimRequirements,1,의견제출통지서,2016-06-30,kr_1020147021919__42-4-2__r1
kr_1020147026103,29-2-,Rejection_Inventiveness,3,의견제출통지서,2016-10-17,kr_1020147026103__29-2-__r3
kr_1020147026103,36-2-,Rejection_SameDayFiling,3,의견제출통지서,2016-10-17,kr_1020147026103__36-2-__r3
kr_1020147026103,45,Rejection_UnityOfInvention,1,의견제출통지서,2015-02-06,kr_1020147026103__45__r1
kr_1020147026103,45,Rejection_UnityOfInvention,2,거절결정서,2015-04-17,kr_1020147026103__45__r2
kr_1020147026472,29-1-2,Rejection_Novelty,1,의견제출통지서,2016-02-02,kr_1020147026472__29-1-2__r1
kr_1020147026472,29-2-,Rejection_Inventiveness,1,의견제출통지서,2016-02-02,kr_1020147026472__29-2-__r1
kr_1020147026472,29-2-,Rejection_Inventiveness,2,거절결정서,2016-06-14,kr_1020147026472__29-2-__r2
kr_1020147029165,29-1-2,Rejection_Novelty,1,의견제출통지서,2016-04-20,kr_1020147029165__29-1-2__r1
kr_1020147029165,29-2-,Rejection_Inventiveness,1,의견제출통지서,2016-04-20,kr_1020147029165__29-2-__r1
kr_1020147030819,29-2-,Rejection_Inventiveness,1,의견제출통지서,2019-09-08,kr_1020147030819__29-2-__r1
kr_1020147030819,29-2-,Rejection_Inventiveness,2,거절결정서,2020-03-06,kr_1020147030819__29-2-__r2
kr_1020147032494,29-2-,Rejection_Inventiveness,1,의견제출통지서,2016-08-02,kr_1020147032494__29-2-__r1
kr_1020147035936,29-2-,Rejection_Inventiveness,1,의견제출통지서,2016-05-02,kr_1020147035936__29-2-__r1
kr_1020147035936,29-2-,Rejection_Inventiveness,2,거절결정서,2016-08-16,kr_1020147035936__29-2-__r2
kr_1020150004211,29-2-,Rejection_Inventiveness,1,의견제출통지서,2020-12-01,kr_1020150004211__29-2-__r1
kr_1020150006320,29-2-,Rejection_Inventiveness,1,의견제출통지서,2020-11-13,kr_1020150006320__29-2-__r1
kr_1020150006320,29-2-,Rejection_Inventiveness,2,거절결정서,2021-04-30,kr_1020150006320__29-2-__r2
kr_1020150006320,42-4-2,Rejection_ClaimRequirements,1,의견제출통지서,2020-11-13,kr_1020150006320__42-4-2__r1
kr_1020150023151,29-1-2,Rejection_Novelty,1,의견제출통지서,2021-07-22,kr_1020150023151__29-1-2__r1
kr_1020150023151,29-2-,Rejection_Inventiveness,1,의견제출통지서,2021-07-22,kr_1020150023151__29-2-__r1
kr_1020150025953,29-2-,Rejection_Inventiveness,1,의견제출통지서,2016-05-30,kr_1020150025953__29-2-__r1
kr_1020150025953,29-2-,Rejection_Inventiveness,2,거절결정서,2016-09-30,kr_1020150025953__29-2-__r2
kr_1020150025953,42-4-2,Rejection_ClaimRequirements,1,의견제출통지서,2016-05-30,kr_1020150025953__42-4-2__r1
kr_1020150025953,42-4-2,Rejection_ClaimRequirements,2,거절결정서,2016-09-30,kr_1020150025953__42-4-2__r2
kr_1020150025968,29-2-,Rejection_Inventiveness,1,의견제출통지서,2016-05-30,kr_1020150025968__29-2-__r1
kr_1020150025968,29-2-,Rejection_Inventiveness,2,거절결정서,2016-09-30,kr_1020150025968__29-2-__r2
kr_1020150025968,42-4-2,Rejection_ClaimRequirements,1,의견제출통지서,2016-05-30,kr_1020150025968__42-4-2__r1
kr_1020150035731,29-2-,Rejection_Inventiveness,1,의견제출통지서,2016-09-08,kr_1020150035731__29-2-__r1
kr_1020150035731,29-2-,Rejection_Inventiveness,2,거절결정서,2017-03-29,kr_1020150035731__29-2-__r2
kr_1020150038368,29-1-2,Rejection_Novelty,1,의견제출통지서,2016-02-26,kr_1020150038368__29-1-2__r1
kr_1020150038368,29-2-,Rejection_Inventiveness,1,의견제출통지서,2016-02-26,kr_1020150038368__29-2-__r1
kr_1020150038368,29-2-,Rejection_Inventiveness,2,거절결정서,2016-10-31,kr_1020150038368__29-2-__r2
kr_1020150038368,42-4-2,Rejection_ClaimRequirements,1,의견제출통지서,2016-02-26,kr_1020150038368__42-4-2__r1
kr_1020150045512,29-2-,Rejection_Inventiveness,1,의견제출통지서,2016-05-30,kr_1020150045512__29-2-__r1
kr_1020150045512,29-2-,Rejection_Inventiveness,2,거절결정서,2017-02-17,kr_1020150045512__29-2-__r2
kr_1020150050239,29-2-,Rejection_Inventiveness,1,의견제출통지서,2021-06-14,kr_1020150050239__29-2-__r1
kr_1020150050239,42-4-2,Rejection_ClaimRequirements,1,의견제출통지서,2021-06-14,kr_1020150050239__42-4-2__r1
kr_1020150050504,29-2-,Rejection_Inventiveness,1,의견제출통지서,2017-09-01,kr_1020150050504__29-2-__r1
kr_1020150050504,29-2-,Rejection_Inventiveness,2,거절결정서,2018-04-04,kr_1020150050504__29-2-__r2
kr_1020150050504,42-4-2,Rejection_ClaimRequirements,1,의견제출통지서,2017-09-01,kr_1020150050504__42-4-2__r1
kr_1020150053293,29-2-,Rejection_Inventiveness,1,의견제출통지서,2021-03-23,kr_1020150053293__29-2-__r1
kr_1020150053293,29-2-,Rejection_Inventiveness,2,거절결정서,2021-06-02,kr_1020150053293__29-2-__r2
kr_1020150053348,29-2-,Rejection_Inventiveness,1,의견제출통지서,2016-06-21,kr_1020150053348__29-2-__r1
kr_1020150053348,29-2-,Rejection_Inventiveness,2,거절결정서,2017-01-09,kr_1020150053348__29-2-__r2
kr_1020150053885,29-1-2,Rejection_Novelty,2,의견제출통지서,2021-07-20,kr_1020150053885__29-1-2__r2
kr_1020150053885,29-2-,Rejection_Inventiveness,1,의견제출통지서,2020-12-28,kr_1020150053885__29-2-__r1
kr_1020150053885,29-2-,Rejection_Inventiveness,2,의견제출통지서,2021-07-20,kr_1020150053885__29-2-__r2
kr_1020150053885,42-4-2,Rejection_ClaimRequirements,1,의견제출통지서,2020-12-28,kr_1020150053885__42-4-2__r1
kr_1020150053885,42-4-2,Rejection_ClaimRequirements,2,의견제출통지서,2021-07-20,kr_1020150053885__42-4-2__r2
kr_1020150053885,42-4-2,Rejection_ClaimRequirements,3,거절결정서,2022-01-20,kr_1020150053885__42-4-2__r3
kr_1020150067857,29-2-,Rejection_Inventiveness,1,의견제출통지서,2021-03-23,kr_1020150067857__29-2-__r1
kr_1020150067857,29-2-,Rejection_Inventiveness,2,거절결정서,2021-09-27,kr_1020150067857__29-2-__r2
kr_1020150068311,29-2-,Rejection_Inventiveness,1,의견제출통지서,2021-07-07,kr_1020150068311__29-2-__r1
kr_1020150068311,29-2-,Rejection_Inventiveness,2,의견제출통지서,2022-03-04,kr_1020150068311__29-2-__r2
kr_1020150068311,42-3-1,Rejection_Disclosure,1,의견제출통지서,2021-07-07,kr_1020150068311__42-3-1__r1
kr_1020150068311,42-4-2,Rejection_ClaimRequirements,1,의견제출통지서,2021-07-07,kr_1020150068311__42-4-2__r1
kr_1020150072028,29-2-,Rejection_Inventiveness,1,의견제출통지서,2016-10-25,kr_1020150072028__29-2-__r1
kr_1020150072028,29-2-,Rejection_Inventiveness,2,거절결정서,2017-03-21,kr_1020150072028__29-2-__r2
kr_1020150072028,42-4-2,Rejection_ClaimRequirements,1,의견제출통지서,2016-10-25,kr_1020150072028__42-4-2__r1
kr_1020150088906,29-1-2,Rejection_Novelty,1,의견제출통지서,2016-10-14,kr_1020150088906__29-1-2__r1
kr_1020150088906,29-2-,Rejection_Inventiveness,1,의견제출통지서,2016-10-14,kr_1020150088906__29-2-__r1
kr_1020150088906,29-2-,Rejection_Inventiveness,2,거절결정서,2017-01-22,kr_1020150088906__29-2-__r2
kr_1020150090443,29-2-,Rejection_Inventiveness,1,의견제출통지서,2016-06-09,kr_1020150090443__29-2-__r1
kr_1020150090443,29-2-,Rejection_Inventiveness,2,거절결정서,2017-01-26,kr_1020150090443__29-2-__r2
kr_1020150100396,29-1-2,Rejection_Novelty,1,의견제출통지서,2015-08-19,kr_1020150100396__29-1-2__r1
kr_1020150100396,29-2-,Rejection_Inventiveness,1,의견제출통지서,2015-08-19,kr_1020150100396__29-2-__r1
kr_1020150100396,29-2-,Rejection_Inventiveness,2,거절결정서,2016-02-26,kr_1020150100396__29-2-__r2
kr_1020150100396,42-4-2,Rejection_ClaimRequirements,1,의견제출통지서,2015-08-19,kr_1020150100396__42-4-2__r1
kr_1020150106257,29-2-,Rejection_Inventiveness,1,의견제출통지서,2016-06-17,kr_1020150106257__29-2-__r1
kr_1020150106257,42-4-2,Rejection_ClaimRequirements,1,의견제출통지서,2016-06-17,kr_1020150106257__42-4-2__r1
kr_1020150109469,29-2-,Rejection_Inventiveness,1,의견제출통지서,2016-09-05,kr_1020150109469__29-2-__r1
kr_1020150109469,29-2-,Rejection_Inventiveness,2,거절결정서,2017-07-04,kr_1020150109469__29-2-__r2
kr_1020150112871,29-2-,Rejection_Inventiveness,1,의견제출통지서,2016-12-20,kr_1020150112871__29-2-__r1
kr_1020150112871,29-2-,Rejection_Inventiveness,2,거절결정서,2017-06-19,kr_1020150112871__29-2-__r2
kr_1020150113143,29-2-,Rejection_Inventiveness,1,의견제출통지서,2016-11-15,kr_1020150113143__29-2-__r1
kr_1020150113143,29-2-,Rejection_Inventiveness,2,거절결정서,2017-05-29,kr_1020150113143__29-2-__r2
kr_1020150113607,29-1-2,Rejection_Novelty,1,의견제출통지서,2016-03-21,kr_1020150113607__29-1-2__r1
kr_1020150113607,29-2-,Rejection_Inventiveness,1,의견제출통지서,2016-03-21,kr_1020150113607__29-2-__r1
kr_1020150113607,29-2-,Rejection_Inventiveness,2,거절결정서,2016-09-19,kr_1020150113607__29-2-__r2
kr_1020150113790,29-2-,Rejection_Inventiveness,1,의견제출통지서,,kr_1020150113790__29-2-__r1
kr_1020150113790,29-2-,Rejection_Inventiveness,2,거절결정서,,kr_1020150113790__29-2-__r2
kr_1020150127426,29-1-2,Rejection_Novelty,1,의견제출통지서,2016-08-31,kr_1020150127426__29-1-2__r1
kr_1020150127426,29-2-,Rejection_Inventiveness,1,의견제출통지서,2016-08-31,kr_1020150127426__29-2-__r1
kr_1020150127426,29-2-,Rejection_Inventiveness,2,거절결정서,2017-05-23,kr_1020150127426__29-2-__r2
kr_1020150127426,42-4-2,Rejection_ClaimRequirements,1,의견제출통지서,2016-08-31,kr_1020150127426__42-4-2__r1
kr_1020150127674,29-2-,Rejection_Inventiveness,1,의견제출통지서,2016-01-05,kr_1020150127674__29-2-__r1
kr_1020150127674,29-2-,Rejection_Inventiveness,2,거절결정서,2017-01-09,kr_1020150127674__29-2-__r2
kr_1020150127674,42-4-2,Rejection_ClaimRequirements,1,의견제출통지서,2016-01-05,kr_1020150127674__42-4-2__r1
kr_1020150127674,52-1-,Rejection_DivisionalScope,1,의견제출통지서,2016-01-05,kr_1020150127674__52-1-__r1
kr_1020150139161,29-2-,Rejection_Inventiveness,1,의견제출통지서,2021-11-30,kr_1020150139161__29-2-__r1
kr_1020150155906,29-1-2,Rejection_Novelty,1,의견제출통지서,2018-12-20,kr_1020150155906__29-1-2__r1
kr_1020150155906,29-2-,Rejection_Inventiveness,1,의견제출통지서,2018-12-20,kr_1020150155906__29-2-__r1
kr_1020150155906,29-2-,Rejection_Inventiveness,2,거절결정서,2019-06-27,kr_1020150155906__29-2-__r2
kr_1020150155906,29-2-,Rejection_Inventiveness,3,의견제출통지서,2019-08-20,kr_1020150155906__29-2-__r3
kr_1020150155906,42-4-2,Rejection_ClaimRequirements,1,의견제출통지서,2018-12-20,kr_1020150155906__42-4-2__r1
kr_1020150156906,29-2-,Rejection_Inventiveness,1,의견제출통지서,2022-05-31,kr_1020150156906__29-2-__r1
kr_1020150156906,29-2-,Rejection_Inventiveness,2,거절결정서,2022-12-28,kr_1020150156906__29-2-__r2
kr_1020150177194,45,Rejection_UnityOfInvention,1,의견제출통지서,2016-02-17,kr_1020150177194__45__r1
kr_1020150177194,45,Rejection_UnityOfInvention,2,의견제출통지서,2016-08-31,kr_1020150177194__45__r2
kr_1020150177194,45,Rejection_UnityOfInvention,3,거절결정서,2017-01-24,kr_1020150177194__45__r3
kr_1020150177990,29-2-,Rejection_Inventiveness,1,의견제출통지서,2022-05-19,kr_1020150177990__29-2-__r1
kr_1020150177990,29-2-,Rejection_Inventiveness,2,거절결정서,2022-10-19,kr_1020150177990__29-2-__r2
kr_1020150178012,29-2-,Rejection_Inventiveness,1,의견제출통지서,2021-10-25,kr_1020150178012__29-2-__r1
kr_1020150178012,42-4-2,Rejection_ClaimRequirements,1,의견제출통지서,2021-10-25,kr_1020150178012__42-4-2__r1
kr_1020150182551,29-1-2,Rejection_Novelty,1,의견제출통지서,2022-12-08,kr_1020150182551__29-1-2__r1
kr_1020150182551,29-2-,Rejection_Inventiveness,1,의견제출통지서,2022-12-08,kr_1020150182551__29-2-__r1
kr_1020150182552,29-1-2,Rejection_Novelty,1,의견제출통지서,2022-12-08,kr_1020150182552__29-1-2__r1
kr_1020150182552,29-2-,Rejection_Inventiveness,1,의견제출통지서,2022-12-08,kr_1020150182552__29-2-__r1
kr_1020150182552,42-3-1,Rejection_Disclosure,1,의견제출통지서,2022-12-08,kr_1020150182552__42-3-1__r1
kr_1020150182552,42-4-2,Rejection_ClaimRequirements,1,의견제출통지서,2022-12-08,kr_1020150182552__42-4-2__r1
kr_1020150191605,29-1-2,Rejection_Novelty,1,의견제출통지서,2017-05-25,kr_1020150191605__29-1-2__r1
kr_1020150191605,29-2-,Rejection_Inventiveness,1,의견제출통지서,2017-05-25,kr_1020150191605__29-2-__r1
kr_1020150191605,42-4-2,Rejection_ClaimRequirements,1,의견제출통지서,2017-05-25,kr_1020150191605__42-4-2__r1
kr_1020150191628,29-1-2,Rejection_Novelty,1,의견제출통지서,2017-09-28,kr_1020150191628__29-1-2__r1
kr_1020150191628,29-2-,Rejection_Inventiveness,1,의견제출통지서,2017-09-28,kr_1020150191628__29-2-__r1
kr_1020150191628,29-2-,Rejection_Inventiveness,2,의견제출통지서,2018-04-24,kr_1020150191628__29-2-__r2
kr_1020150191628,42-3-2,Rejection_Disclosure,1,의견제출통지서,2017-09-28,kr_1020150191628__42-3-2__r1
kr_1020150191707,29-1-2,Rejection_Novelty,1,의견제출통지서,2022-08-29,kr_1020150191707__29-1-2__r1
kr_1020150191707,29-2-,Rejection_Inventiveness,1,의견제출통지서,2022-08-29,kr_1020150191707__29-2-__r1
kr_1020150191707,29-2-,Rejection_Inventiveness,2,거절결정서,2023-09-25,kr_1020150191707__29-2-__r2
kr_1020157000390,29-2-,Rejection_Inventiveness,1,의견제출통지서,2016-04-08,kr_1020157000390__29-2-__r1
kr_1020157000390,29-2-,Rejection_Inventiveness,2,거절결정서,2016-10-28,kr_1020157000390__29-2-__r2
kr_1020157000390,42-4-2,Rejection_ClaimRequirements,1,의견제출통지서,2016-04-08,kr_1020157000390__42-4-2__r1
kr_1020157000676,29-1-2,Rejection_Novelty,1,의견제출통지서,2016-01-14,kr_1020157000676__29-1-2__r1
kr_1020157000676,29-2-,Rejection_Inventiveness,1,의견제출통지서,2016-01-14,kr_1020157000676__29-2-__r1
kr_1020157000676,29-2-,Rejection_Inventiveness,2,거절결정서,2016-05-02,kr_1020157000676__29-2-__r2
kr_1020157000676,42-4-2,Rejection_ClaimRequirements,1,의견제출통지서,2016-01-14,kr_1020157000676__42-4-2__r1
kr_1020157001020,29-2-,Rejection_Inventiveness,1,의견제출통지서,2016-04-11,kr_1020157001020__29-2-__r1
kr_1020157001020,29-2-,Rejection_Inventiveness,2,거절결정서,2016-10-28,kr_1020157001020__29-2-__r2
kr_1020157001020,42-8-,Rejection_ClaimFormat,1,의견제출통지서,2016-04-11,kr_1020157001020__42-8-__r1
kr_1020157002120,29-1-2,Rejection_Novelty,1,의견제출통지서,2020-01-27,kr_1020157002120__29-1-2__r1
kr_1020157002120,29-2-,Rejection_Inventiveness,1,의견제출통지서,2020-01-27,kr_1020157002120__29-2-__r1
kr_1020157002120,29-2-,Rejection_Inventiveness,2,거절결정서,2020-11-27,kr_1020157002120__29-2-__r2
kr_1020157002120,45,Rejection_UnityOfInvention,1,의견제출통지서,2020-01-27,kr_1020157002120__45__r1
kr_1020157002549,29-1-2,Rejection_Novelty,1,의견제출통지서,2016-01-25,kr_1020157002549__29-1-2__r1
kr_1020157002549,29-2-,Rejection_Inventiveness,1,의견제출통지서,2016-01-25,kr_1020157002549__29-2-__r1
kr_1020157002549,29-2-,Rejection_Inventiveness,2,의견제출통지서,2016-05-25,kr_1020157002549__29-2-__r2
kr_1020157002549,29-2-,Rejection_Inventiveness,3,거절결정서,2016-11-21,kr_1020157002549__29-2-__r3
kr_1020157002549,42-4-2,Rejection_ClaimRequirements,1,의견제출통지서,2016-01-25,kr_1020157002549__42-4-2__r1
kr_1020157002549,42-8-,Rejection_ClaimFormat,1,의견제출통지서,2016-01-25,kr_1020157002549__42-8-__r1
kr_1020157002549,45,Rejection_UnityOfInvention,1,의견제출통지서,2016-01-25,kr_1020157002549__45__r1
kr_1020157009425,29-2-,Rejection_Inventiveness,1,의견제출통지서,2020-04-01,kr_1020157009425__29-2-__r1
kr_1020157009425,29-2-,Rejection_Inventiveness,2,거절결정서,2020-06-08,kr_1020157009425__29-2-__r2
kr_1020157009425,45,Rejection_UnityOfInvention,1,의견제출통지서,2020-04-01,kr_1020157009425__45__r1
kr_1020157009425,45,Rejection_UnityOfInvention,2,거절결정서,2020-06-08,kr_1020157009425__45__r2
kr_1020157009912,29-2-,Rejection_Inventiveness,1,의견제출통지서,2015-06-01,kr_1020157009912__29-2-__r1
kr_1020157009912,29-2-,Rejection_Inventiveness,2,거절결정서,2017-05-01,kr_1020157009912__29-2-__r2
kr_1020157011008,29-2-,Rejection_Inventiveness,1,의견제출통지서,2016-04-22,kr_1020157011008__29-2-__r1
kr_1020157011008,29-2-,Rejection_Inventiveness,2,거절결정서,2016-08-09,kr_1020157011008__29-2-__r2
kr_1020157012512,29-2-,Rejection_Inventiveness,1,의견제출통지서,2020-05-06,kr_1020157012512__29-2-__r1
kr_1020157012512,29-2-,Rejection_Inventiveness,2,거절결정서,2020-08-10,kr_1020157012512__29-2-__r2
kr_1020157012512,45,Rejection_UnityOfInvention,1,의견제출통지서,2020-05-06,kr_1020157012512__45__r1
kr_1020157012512,45,Rejection_UnityOfInvention,2,거절결정서,2020-08-10,kr_1020157012512__45__r2
kr_1020157012833,29-2-,Rejection_Inventiveness,1,의견제출통지서,2015-07-03,kr_1020157012833__29-2-__r1
kr_1020157012833,47-2-,Rejection_AmendmentScope,2,의견제출통지서,2016-11-29,kr_1020157012833__47-2-__r2
kr_1020157012833,47-2-,Rejection_AmendmentScope,3,거절결정서,2017-11-20,kr_1020157012833__47-2-__r3
kr_1020157014563,29-1-2,Rejection_Novelty,1,의견제출통지서,2016-08-29,kr_1020157014563__29-1-2__r1
kr_1020157014563,29-2-,Rejection_Inventiveness,1,의견제출통지서,2016-08-29,kr_1020157014563__29-2-__r1
kr_1020157014563,29-2-,Rejection_Inventiveness,2,거절결정서,2017-03-15,kr_1020157014563__29-2-__r2
kr_1020157014563,45,Rejection_UnityOfInvention,1,의견제출통지서,2016-08-29,kr_1020157014563__45__r1
kr_1020157015571,29-2-,Rejection_Inventiveness,1,의견제출통지서,2019-12-19,kr_1020157015571__29-2-__r1
kr_1020157017262,29-2-,Rejection_Inventiveness,1,의견제출통지서,2016-09-13,kr_1020157017262__29-2-__r1
kr_1020157017262,29-2-,Rejection_Inventiveness,2,거절결정서,2017-03-10,kr_1020157017262__29-2-__r2
kr_1020157017262,42-4-1,Rejection_ClaimRequirements,1,의견제출통지서,2016-09-13,kr_1020157017262__42-4-1__r1
kr_1020157017262,42-4-2,Rejection_ClaimRequirements,1,의견제출통지서,2016-09-13,kr_1020157017262__42-4-2__r1
kr_1020157018025,29-2-,Rejection_Inventiveness,1,의견제출통지서,2016-10-10,kr_1020157018025__29-2-__r1
kr_1020157018025,29-2-,Rejection_Inventiveness,2,거절결정서,2017-05-08,kr_1020157018025__29-2-__r2
kr_1020157019033,29-2-,Rejection_Inventiveness,1,의견제출통지서,2016-08-02,kr_1020157019033__29-2-__r1
kr_1020157019033,29-2-,Rejection_Inventiveness,2,거절결정서,2017-05-01,kr_1020157019033__29-2-__r2
kr_1020157019622,29-1-2,Rejection_Novelty,1,의견제출통지서,2016-07-15,kr_1020157019622__29-1-2__r1
kr_1020157019622,29-2-,Rejection_Inventiveness,1,의견제출통지서,2016-07-15,kr_1020157019622__29-2-__r1
kr_1020157019622,29-2-,Rejection_Inventiveness,2,거절결정서,2016-11-18,kr_1020157019622__29-2-__r2
kr_1020157019622,42-4-1,Rejection_ClaimRequirements,1,의견제출통지서,2016-07-15,kr_1020157019622__42-4-1__r1
kr_1020157019622,42-4-2,Rejection_ClaimRequirements,1,의견제출통지서,2016-07-15,kr_1020157019622__42-4-2__r1
kr_1020157020425,29-2-,Rejection_Inventiveness,1,의견제출통지서,2015-08-31,kr_1020157020425__29-2-__r1
kr_1020157020425,29-2-,Rejection_Inventiveness,2,거절결정서,2016-06-20,kr_1020157020425__29-2-__r2
kr_1020157021305,29-1-2,Rejection_Novelty,1,의견제출통지서,2016-09-22,kr_1020157021305__29-1-2__r1
kr_1020157021305,29-2-,Rejection_Inventiveness,1,의견제출통지서,2016-09-22,kr_1020157021305__29-2-__r1
kr_1020157021305,29-2-,Rejection_Inventiveness,2,거절결정서,2017-07-31,kr_1020157021305__29-2-__r2
kr_1020157021305,42-4-2,Rejection_ClaimRequirements,1,의견제출통지서,2016-09-22,kr_1020157021305__42-4-2__r1
kr_1020157022334,29-2-,Rejection_Inventiveness,1,의견제출통지서,2020-06-17,kr_1020157022334__29-2-__r1
kr_1020157022334,42-4-2,Rejection_ClaimRequirements,1,의견제출통지서,2020-06-17,kr_1020157022334__42-4-2__r1
kr_1020157022334,42-8-,Rejection_ClaimFormat,1,의견제출통지서,2020-06-17,kr_1020157022334__42-8-__r1
kr_1020157022581,29-1-2,Rejection_Novelty,1,의견제출통지서,2020-03-25,kr_1020157022581__29-1-2__r1
kr_1020157022581,29-2-,Rejection_Inventiveness,1,의견제출통지서,2020-03-25,kr_1020157022581__29-2-__r1
kr_1020157022581,29-2-,Rejection_Inventiveness,2,거절결정서,2021-01-15,kr_1020157022581__29-2-__r2
kr_1020157022581,42-4-1,Rejection_ClaimRequirements,1,의견제출통지서,2020-03-25,kr_1020157022581__42-4-1__r1
kr_1020157022581,45,Rejection_UnityOfInvention,1,의견제출통지서,2020-03-25,kr_1020157022581__45__r1
kr_1020157023069,29-1-2,Rejection_Novelty,2,의견제출통지서,2017-04-21,kr_1020157023069__29-1-2__r2
kr_1020157023069,29-2-,Rejection_Inventiveness,1,의견제출통지서,2016-08-04,kr_1020157023069__29-2-__r1
kr_1020157023069,29-2-,Rejection_Inventiveness,2,의견제출통지서,2017-04-21,kr_1020157023069__29-2-__r2
kr_1020157023069,29-2-,Rejection_Inventiveness,3,거절결정서,2017-10-27,kr_1020157023069__29-2-__r3
kr_1020157023069,42-3-2,Rejection_Disclosure,1,의견제출통지서,2016-08-04,kr_1020157023069__42-3-2__r1
kr_1020157023069,42-4-2,Rejection_ClaimRequirements,1,의견제출통지서,2016-08-04,kr_1020157023069__42-4-2__r1
kr_1020157023069,45,Rejection_UnityOfInvention,2,의견제출통지서,2017-04-21,kr_1020157023069__45__r2
kr_1020157027504,29-2-,Rejection_Inventiveness,1,의견제출통지서,2016-01-07,kr_1020157027504__29-2-__r1
kr_1020157028308,29-2-,Rejection_Inventiveness,1,의견제출통지서,2020-05-29,kr_1020157028308__29-2-__r1
kr_1020157028308,42-4-2,Rejection_ClaimRequirements,1,의견제출통지서,2020-05-29,kr_1020157028308__42-4-2__r1
kr_1020157030260,29-2-,Rejection_Inventiveness,1,의견제출통지서,2019-09-20,kr_1020157030260__29-2-__r1
kr_1020157030260,29-2-,Rejection_Inventiveness,2,거절결정서,2020-05-15,kr_1020157030260__29-2-__r2
kr_1020157030260,42-4-2,Rejection_ClaimRequirements,1,의견제출통지서,2019-09-20,kr_1020157030260__42-4-2__r1
kr_1020157030280,29-1-2,Rejection_Novelty,1,의견제출통지서,2020-06-30,kr_1020157030280__29-1-2__r1
kr_1020157030280,29-2-,Rejection_Inventiveness,1,의견제출통지서,2020-06-30,kr_1020157030280__29-2-__r1
kr_1020157030280,29-2-,Rejection_Inventiveness,2,거절결정서,2021-01-28,kr_1020157030280__29-2-__r2
kr_1020157030280,42-4-1,Rejection_ClaimRequirements,1,의견제출통지서,2020-06-30,kr_1020157030280__42-4-1__r1
kr_1020157030280,42-4-2,Rejection_ClaimRequirements,1,의견제출통지서,2020-06-30,kr_1020157030280__42-4-2__r1
kr_1020157031052,29-2-,Rejection_Inventiveness,1,의견제출통지서,2018-06-20,kr_1020157031052__29-2-__r1
kr_1020157031052,42-4-2,Rejection_ClaimRequirements,1,의견제출통지서,2018-06-20,kr_1020157031052__42-4-2__r1
kr_1020157033176,29-2-,Rejection_Inventiveness,1,의견제출통지서,2021-03-11,kr_1020157033176__29-2-__r1
kr_1020157033176,42-4-2,Rejection_ClaimRequirements,1,의견제출통지서,2021-03-11,kr_1020157033176__42-4-2__r1
kr_1020157034213,29-2-,Rejection_Inventiveness,1,의견제출통지서,2017-08-21,kr_1020157034213__29-2-__r1
kr_1020157034213,29-2-,Rejection_Inventiveness,2,거절결정서,2018-11-01,kr_1020157034213__29-2-__r2
kr_1020157034213,42-8-,Rejection_ClaimFormat,1,의견제출통지서,2017-08-21,kr_1020157034213__42-8-__r1
kr_1020157036551,29-2-,Rejection_Inventiveness,1,의견제출통지서,2017-04-21,kr_1020157036551__29-2-__r1
kr_1020157036551,29-2-,Rejection_Inventiveness,2,거절결정서,2017-10-24,kr_1020157036551__29-2-__r2
kr_1020157036551,42-4-2,Rejection_ClaimRequirements,1,의견제출통지서,2017-04-21,kr_1020157036551__42-4-2__r1
kr_1020160001562,29-2-,Rejection_Inventiveness,1,의견제출통지서,2016-11-18,kr_1020160001562__29-2-__r1
kr_1020160001562,29-2-,Rejection_Inventiveness,2,거절결정서,2017-05-30,kr_1020160001562__29-2-__r2
kr_1020160002833,29-1-2,Rejection_Novelty,1,의견제출통지서,2017-02-07,kr_1020160002833__29-1-2__r1
kr_1020160002833,29-2-,Rejection_Inventiveness,1,의견제출통지서,2017-02-07,kr_1020160002833__29-2-__r1
kr_1020160002833,29-2-,Rejection_Inventiveness,2,의견제출통지서,2017-09-26,kr_1020160002833__29-2-__r2
kr_1020160002833,29-2-,Rejection_Inventiveness,3,거절결정서,2018-04-26,kr_1020160002833__29-2-__r3
kr_1020160002833,47-2-,Rejection_AmendmentScope,2,의견제출통지서,2017-09-26,kr_1020160002833__47-2-__r2
kr_1020160014323,29-2-,Rejection_Inventiveness,1,의견제출통지서,2022-11-18,kr_1020160014323__29-2-__r1
kr_1020160016943,29-1-2,Rejection_Novelty,1,의견제출통지서,2022-04-26,kr_1020160016943__29-1-2__r1
kr_1020160016943,29-2-,Rejection_Inventiveness,1,의견제출통지서,2022-04-26,kr_1020160016943__29-2-__r1
kr_1020160016943,42-4-2,Rejection_ClaimRequirements,1,의견제출통지서,2022-04-26,kr_1020160016943__42-4-2__r1
kr_1020160018600,29-2-,Rejection_Inventiveness,1,의견제출통지서,2017-01-03,kr_1020160018600__29-2-__r1
kr_1020160018600,29-2-,Rejection_Inventiveness,2,거절결정서,2017-10-16,kr_1020160018600__29-2-__r2
kr_1020160018600,29-2-,Rejection_Inventiveness,3,의견제출통지서,2019-10-02,kr_1020160018600__29-2-__r3
kr_1020160018600,42-4-2,Rejection_ClaimRequirements,1,의견제출통지서,2017-01-03,kr_1020160018600__42-4-2__r1
kr_1020160018600,42-4-2,Rejection_ClaimRequirements,3,의견제출통지서,2019-10-02,kr_1020160018600__42-4-2__r3
kr_1020160021115,29-2-,Rejection_Inventiveness,1,의견제출통지서,2016-12-05,kr_1020160021115__29-2-__r1
kr_1020160021115,29-2-,Rejection_Inventiveness,2,거절결정서,2017-07-28,kr_1020160021115__29-2-__r2
kr_1020160021115,42-4-2,Rejection_ClaimRequirements,1,의견제출통지서,2016-12-05,kr_1020160021115__42-4-2__r1
kr_1020160021465,29-2-,Rejection_Inventiveness,1,의견제출통지서,2017-04-12,kr_1020160021465__29-2-__r1
kr_1020160021465,29-2-,Rejection_Inventiveness,2,거절결정서,2017-10-30,kr_1020160021465__29-2-__r2
kr_1020160021465,29-2-,Rejection_Inventiveness,3,의견제출통지서,2018-01-03,kr_1020160021465__29-2-__r3
kr_1020160023422,29-2-,Rejection_Inventiveness,1,의견제출통지서,2016-06-16,kr_1020160023422__29-2-__r1
kr_1020160023422,29-2-,Rejection_Inventiveness,2,거절결정서,2017-08-02,kr_1020160023422__29-2-__r2
kr_1020160023581,29-2-,Rejection_Inventiveness,1,의견제출통지서,2017-01-23,kr_1020160023581__29-2-__r1
kr_1020160023581,29-2-,Rejection_Inventiveness,2,거절결정서,2017-09-25,kr_1020160023581__29-2-__r2
kr_1020160039194,29-2-,Rejection_Inventiveness,1,의견제출통지서,2017-07-04,kr_1020160039194__29-2-__r1
kr_1020160039194,29-2-,Rejection_Inventiveness,2,거절결정서,2017-12-11,kr_1020160039194__29-2-__r2
kr_1020160039194,42-3-1,Rejection_Disclosure,1,의견제출통지서,2017-07-04,kr_1020160039194__42-3-1__r1
kr_1020160039194,42-4-2,Rejection_ClaimRequirements,1,의견제출통지서,2017-07-04,kr_1020160039194__42-4-2__r1
kr_1020160043139,29-2-,Rejection_Inventiveness,2,의견제출통지서,2023-06-24,kr_1020160043139__29-2-__r2
kr_1020160043139,42-4-2,Rejection_ClaimRequirements,1,의견제출통지서,2022-08-22,kr_1020160043139__42-4-2__r1
kr_1020160044945,29-2-,Rejection_Inventiveness,1,의견제출통지서,2023-03-14,kr_1020160044945__29-2-__r1
kr_1020160044945,29-2-,Rejection_Inventiveness,2,거절결정서,2023-10-26,kr_1020160044945__29-2-__r2
kr_1020160044953,29-2-,Rejection_Inventiveness,1,의견제출통지서,2023-03-14,kr_1020160044953__29-2-__r1
kr_1020160044953,29-2-,Rejection_Inventiveness,2,의견제출통지서,2023-10-27,kr_1020160044953__29-2-__r2
kr_1020160044953,42-3-1,Rejection_Disclosure,1,의견제출통지서,2023-03-14,kr_1020160044953__42-3-1__r1
kr_1020160044953,42-4-2,Rejection_ClaimRequirements,1,의견제출통지서,2023-03-14,kr_1020160044953__42-4-2__r1
kr_1020160047857,29-2-,Rejection_Inventiveness,1,의견제출통지서,2023-02-16,kr_1020160047857__29-2-__r1
kr_1020160047857,29-2-,Rejection_Inventiveness,2,의견제출통지서,2023-08-21,kr_1020160047857__29-2-__r2
kr_1020160047857,29-2-,Rejection_Inventiveness,3,거절결정서,2024-06-21,kr_1020160047857__29-2-__r3
kr_1020160047857,42-4-2,Rejection_ClaimRequirements,1,의견제출통지서,2023-02-16,kr_1020160047857__42-4-2__r1
kr_1020160048552,29-2-,Rejection_Inventiveness,2,의견제출통지서,2019-06-18,kr_1020160048552__29-2-__r2
kr_1020160048552,29-2-,Rejection_Inventiveness,3,거절결정서,2019-10-15,kr_1020160048552__29-2-__r3
kr_1020160048552,42-3-,Rejection_Disclosure,2,의견제출통지서,2019-06-18,kr_1020160048552__42-3-__r2
kr_1020160048552,42-4-1,Rejection_ClaimRequirements,1,의견제출통지서,2016-06-20,kr_1020160048552__42-4-1__r1
kr_1020160048552,42-4-2,Rejection_ClaimRequirements,2,의견제출통지서,2019-06-18,kr_1020160048552__42-4-2__r2
kr_1020160048552,42-4-2,Rejection_ClaimRequirements,3,거절결정서,2019-10-15,kr_1020160048552__42-4-2__r3
kr_1020160048552,45,Rejection_UnityOfInvention,2,의견제출통지서,2019-06-18,kr_1020160048552__45__r2
kr_1020160048552,45,Rejection_UnityOfInvention,3,거절결정서,2019-10-15,kr_1020160048552__45__r3
kr_1020160061291,29-1-2,Rejection_Novelty,1,의견제출통지서,2017-06-19,kr_1020160061291__29-1-2__r1
kr_1020160061291,29-2-,Rejection_Inventiveness,1,의견제출통지서,2017-06-19,kr_1020160061291__29-2-__r1
kr_1020160061291,29-2-,Rejection_Inventiveness,2,거절결정서,2017-12-18,kr_1020160061291__29-2-__r2
kr_1020160062171,29-2-,Rejection_Inventiveness,1,의견제출통지서,2023-02-23,kr_1020160062171__29-2-__r1
kr_1020160062171,29-2-,Rejection_Inventiveness,2,거절결정서,2023-08-17,kr_1020160062171__29-2-__r2
kr_1020160063657,29-1-1,Rejection_Novelty,1,의견제출통지서,2022-11-01,kr_1020160063657__29-1-1__r1
kr_1020160063657,29-2-,Rejection_Inventiveness,1,의견제출통지서,2022-11-01,kr_1020160063657__29-2-__r1
kr_1020160063657,29-2-,Rejection_Inventiveness,2,거절결정서,2023-05-30,kr_1020160063657__29-2-__r2
kr_1020160063657,42-4-2,Rejection_ClaimRequirements,1,의견제출통지서,2022-11-01,kr_1020160063657__42-4-2__r1
kr_1020160063657,45,Rejection_UnityOfInvention,1,의견제출통지서,2022-11-01,kr_1020160063657__45__r1
kr_1020160064524,29-1-2,Rejection_Novelty,1,의견제출통지서,2017-09-04,kr_1020160064524__29-1-2__r1
kr_1020160064524,29-2-,Rejection_Inventiveness,1,의견제출통지서,2017-09-04,kr_1020160064524__29-2-__r1
kr_1020160064524,29-2-,Rejection_Inventiveness,2,거절결정서,2018-02-20,kr_1020160064524__29-2-__r2
kr_1020160065675,29-2-,Rejection_Inventiveness,1,의견제출통지서,2016-08-08,kr_1020160065675__29-2-__r1
kr_1020160065675,29-2-,Rejection_Inventiveness,2,거절결정서,2017-02-06,kr_1020160065675__29-2-__r2
kr_1020160067787,29-1-2,Rejection_Novelty,1,의견제출통지서,2022-08-19,kr_1020160067787__29-1-2__r1
kr_1020160067787,29-2-,Rejection_Inventiveness,1,의견제출통지서,2022-08-19,kr_1020160067787__29-2-__r1
kr_1020160067787,29-2-,Rejection_Inventiveness,2,거절결정서,2023-01-13,kr_1020160067787__29-2-__r2
kr_1020160067787,42-4-2,Rejection_ClaimRequirements,1,의견제출통지서,2022-08-19,kr_1020160067787__42-4-2__r1
kr_1020160080686,29-1-2,Rejection_Novelty,1,의견제출통지서,2022-10-26,kr_1020160080686__29-1-2__r1
kr_1020160080686,29-1-2,Rejection_Novelty,2,의견제출통지서,2022-10-26,kr_1020160080686__29-1-2__r2
kr_1020160080686,29-2-,Rejection_Inventiveness,1,의견제출통지서,2022-10-26,kr_1020160080686__29-2-__r1
kr_1020160080686,29-2-,Rejection_Inventiveness,2,의견제출통지서,2022-10-26,kr_1020160080686__29-2-__r2
kr_1020160080686,29-2-,Rejection_Inventiveness,3,거절결정서,2023-06-26,kr_1020160080686__29-2-__r3
kr_1020160081563,29-1-2,Rejection_Novelty,1,의견제출통지서,2017-10-23,kr_1020160081563__29-1-2__r1
kr_1020160081563,29-2-,Rejection_Inventiveness,1,의견제출통지서,2017-10-23,kr_1020160081563__29-2-__r1
kr_1020160093314,29-2-,Rejection_Inventiveness,1,의견제출통지서,2017-11-08,kr_1020160093314__29-2-__r1
kr_1020160093314,29-2-,Rejection_Inventiveness,2,의견제출통지서,2018-05-01,kr_1020160093314__29-2-__r2
kr_1020160093314,29-2-,Rejection_Inventiveness,3,거절결정서,2018-10-01,kr_1020160093314__29-2-__r3
kr_1020160093314,42-4-2,Rejection_ClaimRequirements,1,의견제출통지서,2017-11-08,kr_1020160093314__42-4-2__r1
kr_1020160107996,29-2-,Rejection_Inventiveness,1,의견제출통지서,2017-11-03,kr_1020160107996__29-2-__r1
kr_1020160107996,29-2-,Rejection_Inventiveness,2,거절결정서,2018-02-20,kr_1020160107996__29-2-__r2
kr_1020160109880,29-2-,Rejection_Inventiveness,1,의견제출통지서,2017-03-08,kr_1020160109880__29-2-__r1
kr_1020160109880,29-2-,Rejection_Inventiveness,2,거절결정서,2017-11-25,kr_1020160109880__29-2-__r2
kr_1020160110568,29-2-,Rejection_Inventiveness,1,의견제출통지서,2017-11-03,kr_1020160110568__29-2-__r1
kr_1020160110568,29-2-,Rejection_Inventiveness,2,의견제출통지서,2018-05-08,kr_1020160110568__29-2-__r2
kr_1020160110568,42-4-2,Rejection_ClaimRequirements,1,의견제출통지서,2017-11-03,kr_1020160110568__42-4-2__r1
kr_1020160123029,29-2-,Rejection_Inventiveness,1,의견제출통지서,2016-11-21,kr_1020160123029__29-2-__r1
kr_1020160123029,29-2-,Rejection_Inventiveness,2,거절결정서,2017-05-29,kr_1020160123029__29-2-__r2
kr_1020160123029,42-3-,Rejection_Disclosure,1,의견제출통지서,2016-11-21,kr_1020160123029__42-3-__r1
kr_1020160123029,42-3-,Rejection_Disclosure,2,거절결정서,2017-05-29,kr_1020160123029__42-3-__r2
kr_1020160123029,42-4-2,Rejection_ClaimRequirements,1,의견제출통지서,2016-11-21,kr_1020160123029__42-4-2__r1
kr_1020160123029,42-4-2,Rejection_ClaimRequirements,2,거절결정서,2017-05-29,kr_1020160123029__42-4-2__r2
kr_1020160135438,29-2-,Rejection_Inventiveness,1,의견제출통지서,2022-11-18,kr_1020160135438__29-2-__r1
kr_1020160135438,29-2-,Rejection_Inventiveness,2,거절결정서,2023-05-25,kr_1020160135438__29-2-__r2
kr_1020160155007,29-2-,Rejection_Inventiveness,1,의견제출통지서,2018-02-01,kr_1020160155007__29-2-__r1
kr_1020160155007,29-2-,Rejection_Inventiveness,2,거절결정서,2018-08-01,kr_1020160155007__29-2-__r2
kr_1020160155008,29-1-2,Rejection_Novelty,1,의견제출통지서,2018-02-01,kr_1020160155008__29-1-2__r1
kr_1020160155008,29-2-,Rejection_Inventiveness,1,의견제출통지서,2018-02-01,kr_1020160155008__29-2-__r1
kr_1020160155008,29-2-,Rejection_Inventiveness,2,거절결정서,2018-08-02,kr_1020160155008__29-2-__r2
kr_1020160164092,29-1-2,Rejection_Novelty,1,의견제출통지서,2023-12-10,kr_1020160164092__29-1-2__r1
kr_1020160164092,29-2-,Rejection_Inventiveness,1,의견제출통지서,2023-12-10,kr_1020160164092__29-2-__r1
kr_1020160164092,29-2-,Rejection_Inventiveness,2,거절결정서,2024-08-21,kr_1020160164092__29-2-__r2
kr_1020160168658,29-1-2,Rejection_Novelty,1,의견제출통지서,2018-04-16,kr_1020160168658__29-1-2__r1
kr_1020160168658,29-2-,Rejection_Inventiveness,1,의견제출통지서,2018-04-16,kr_1020160168658__29-2-__r1
kr_1020160168658,29-2-,Rejection_Inventiveness,2,거절결정서,2018-09-18,kr_1020160168658__29-2-__r2
kr_1020160169222,29-2-,Rejection_Inventiveness,1,의견제출통지서,2023-04-06,kr_1020160169222__29-2-__r1
kr_1020160170081,29-1-2,Rejection_Novelty,1,의견제출통지서,2024-01-12,kr_1020160170081__29-1-2__r1
kr_1020160170081,29-2-,Rejection_Inventiveness,1,의견제출통지서,2024-01-12,kr_1020160170081__29-2-__r1
kr_1020160170081,29-2-,Rejection_Inventiveness,2,거절결정서,2024-09-02,kr_1020160170081__29-2-__r2
kr_1020160177741,29-2-,Rejection_Inventiveness,1,의견제출통지서,2017-12-06,kr_1020160177741__29-2-__r1
kr_1020160177741,29-2-,Rejection_Inventiveness,2,거절결정서,2018-05-11,kr_1020160177741__29-2-__r2
kr_1020160177741,42-4-2,Rejection_ClaimRequirements,1,의견제출통지서,2017-12-06,kr_1020160177741__42-4-2__r1
kr_1020167002643,29-1-2,Rejection_Novelty,1,의견제출통지서,2017-04-04,kr_1020167002643__29-1-2__r1
kr_1020167002643,29-2-,Rejection_Inventiveness,1,의견제출통지서,2017-04-04,kr_1020167002643__29-2-__r1
kr_1020167002643,29-2-,Rejection_Inventiveness,2,거절결정서,2017-08-08,kr_1020167002643__29-2-__r2
kr_1020167004103,29-1-2,Rejection_Novelty,1,의견제출통지서,2020-10-12,kr_1020167004103__29-1-2__r1
kr_1020167004103,29-2-,Rejection_Inventiveness,1,의견제출통지서,2020-10-12,kr_1020167004103__29-2-__r1
kr_1020167004103,42-4-2,Rejection_ClaimRequirements,1,의견제출통지서,2020-10-12,kr_1020167004103__42-4-2__r1
kr_1020167008560,29-2-,Rejection_Inventiveness,1,의견제출통지서,2017-06-14,kr_1020167008560__29-2-__r1
kr_1020167008560,29-2-,Rejection_Inventiveness,2,거절결정서,2017-12-29,kr_1020167008560__29-2-__r2
kr_1020167008650,29-2-,Rejection_Inventiveness,1,의견제출통지서,2016-04-21,kr_1020167008650__29-2-__r1
kr_1020167008650,29-2-,Rejection_Inventiveness,2,거절결정서,2016-12-28,kr_1020167008650__29-2-__r2
kr_1020167008650,45,Rejection_UnityOfInvention,1,의견제출통지서,2016-04-21,kr_1020167008650__45__r1
kr_1020167008650,45,Rejection_UnityOfInvention,2,거절결정서,2016-12-28,kr_1020167008650__45__r2
kr_1020167008777,29-2-,Rejection_Inventiveness,1,의견제출통지서,2017-07-04,kr_1020167008777__29-2-__r1
kr_1020167008777,29-2-,Rejection_Inventiveness,2,거절결정서,2017-10-13,kr_1020167008777__29-2-__r2
kr_1020167009240,29-2-,Rejection_Inventiveness,1,의견제출통지서,2017-01-13,kr_1020167009240__29-2-__r1
kr_1020167009240,29-2-,Rejection_Inventiveness,2,의견제출통지서,2017-09-06,kr_1020167009240__29-2-__r2
kr_1020167009240,29-2-,Rejection_Inventiveness,3,거절결정서,2018-03-12,kr_1020167009240__29-2-__r3
kr_1020167009240,42-8-,Rejection_ClaimFormat,1,의견제출통지서,2017-01-13,kr_1020167009240__42-8-__r1
kr_1020167009441,29-2-,Rejection_Inventiveness,1,의견제출통지서,2020-11-06,kr_1020167009441__29-2-__r1
kr_1020167009441,42-4-2,Rejection_ClaimRequirements,1,의견제출통지서,2020-11-06,kr_1020167009441__42-4-2__r1
kr_1020167013593,29-2-,Rejection_Inventiveness,1,의견제출통지서,2020-04-02,kr_1020167013593__29-2-__r1
kr_1020167013593,29-2-,Rejection_Inventiveness,2,거절결정서,2020-10-13,kr_1020167013593__29-2-__r2
kr_1020167013593,42-4-2,Rejection_ClaimRequirements,1,의견제출통지서,2020-04-02,kr_1020167013593__42-4-2__r1
kr_1020167015205,29-2-,Rejection_Inventiveness,1,의견제출통지서,2017-09-04,kr_1020167015205__29-2-__r1
kr_1020167015205,29-2-,Rejection_Inventiveness,2,거절결정서,2018-01-08,kr_1020167015205__29-2-__r2
kr_1020167023996,29-2-,Rejection_Inventiveness,1,의견제출통지서,2016-10-17,kr_1020167023996__29-2-__r1
kr_1020167023996,29-2-,Rejection_Inventiveness,2,거절결정서,2017-02-20,kr_1020167023996__29-2-__r2
kr_1020167023996,42-4-2,Rejection_ClaimRequirements,1,의견제출통지서,2016-10-17,kr_1020167023996__42-4-2__r1
kr_1020167024110,29-2-,Rejection_Inventiveness,2,의견제출통지서,2019-01-03,kr_1020167024110__29-2-__r2
kr_1020167024110,29-2-,Rejection_Inventiveness,3,거절결정서,2019-05-13,kr_1020167024110__29-2-__r3
kr_1020167024110,42-4-2,Rejection_ClaimRequirements,1,의견제출통지서,2017-12-01,kr_1020167024110__42-4-2__r1
kr_1020167024110,45,Rejection_UnityOfInvention,2,의견제출통지서,2019-01-03,kr_1020167024110__45__r2
kr_1020167024110,45,Rejection_UnityOfInvention,3,거절결정서,2019-05-13,kr_1020167024110__45__r3
kr_1020167024969,29-2-,Rejection_Inventiveness,2,의견제출통지서,2019-01-03,kr_1020167024969__29-2-__r2
kr_1020167024969,29-2-,Rejection_Inventiveness,3,거절결정서,2019-04-11,kr_1020167024969__29-2-__r3
kr_1020167024969,42-4-2,Rejection_ClaimRequirements,1,의견제출통지서,2018-04-05,kr_1020167024969__42-4-2__r1
kr_1020167028245,29-1-2,Rejection_Novelty,1,의견제출통지서,2021-01-05,kr_1020167028245__29-1-2__r1
kr_1020167028245,29-2-,Rejection_Inventiveness,1,의견제출통지서,2021-01-05,kr_1020167028245__29-2-__r1
kr_1020167028245,42-4-2,Rejection_ClaimRequirements,1,의견제출통지서,2021-01-05,kr_1020167028245__42-4-2__r1
kr_1020167028791,29-2-,Rejection_Inventiveness,1,의견제출통지서,2017-07-26,kr_1020167028791__29-2-__r1
kr_1020167028791,42-4-2,Rejection_ClaimRequirements,1,의견제출통지서,2017-07-26,kr_1020167028791__42-4-2__r1
kr_1020167028791,42-8-,Rejection_ClaimFormat,1,의견제출통지서,2017-07-26,kr_1020167028791__42-8-__r1
kr_1020167029751,29-2-,Rejection_Inventiveness,1,의견제출통지서,2018-01-02,kr_1020167029751__29-2-__r1
kr_1020167029751,29-2-,Rejection_Inventiveness,2,거절결정서,2018-08-08,kr_1020167029751__29-2-__r2
kr_1020167029751,42-3-1,Rejection_Disclosure,1,의견제출통지서,2018-01-02,kr_1020167029751__42-3-1__r1
kr_1020167029751,42-3-1,Rejection_Disclosure,2,거절결정서,2018-08-08,kr_1020167029751__42-3-1__r2
kr_1020167029751,42-4-2,Rejection_ClaimRequirements,1,의견제출통지서,2018-01-02,kr_1020167029751__42-4-2__r1
kr_1020167029751,42-4-2,Rejection_ClaimRequirements,2,거절결정서,2018-08-08,kr_1020167029751__42-4-2__r2
kr_1020167030248,29-2-,Rejection_Inventiveness,1,의견제출통지서,2017-11-09,kr_1020167030248__29-2-__r1
kr_1020167030248,29-2-,Rejection_Inventiveness,2,거절결정서,2018-05-23,kr_1020167030248__29-2-__r2
kr_1020167030766,29-1-2,Rejection_Novelty,1,의견제출통지서,2017-12-14,kr_1020167030766__29-1-2__r1
kr_1020167030766,29-2-,Rejection_Inventiveness,1,의견제출통지서,2017-12-14,kr_1020167030766__29-2-__r1
kr_1020167030766,29-2-,Rejection_Inventiveness,2,의견제출통지서,2018-06-21,kr_1020167030766__29-2-__r2
kr_1020167030766,29-2-,Rejection_Inventiveness,3,거절결정서,2018-12-24,kr_1020167030766__29-2-__r3
kr_1020167031485,29-1-2,Rejection_Novelty,1,의견제출통지서,2020-09-11,kr_1020167031485__29-1-2__r1
kr_1020167031485,29-2-,Rejection_Inventiveness,1,의견제출통지서,2020-09-11,kr_1020167031485__29-2-__r1
kr_1020167031485,42-4-2,Rejection_ClaimRequirements,1,의견제출통지서,2020-09-11,kr_1020167031485__42-4-2__r1
kr_1020167034015,29-2-,Rejection_Inventiveness,1,의견제출통지서,2017-01-17,kr_1020167034015__29-2-__r1
kr_1020167034015,29-2-,Rejection_Inventiveness,2,의견제출통지서,2017-11-29,kr_1020167034015__29-2-__r2
kr_1020167034015,29-2-,Rejection_Inventiveness,3,거절결정서,2018-05-23,kr_1020167034015__29-2-__r3
kr_1020167034015,42-4-2,Rejection_ClaimRequirements,2,의견제출통지서,2017-11-29,kr_1020167034015__42-4-2__r2
kr_1020170001130,29-2-,Rejection_Inventiveness,1,의견제출통지서,2018-06-20,kr_1020170001130__29-2-__r1
kr_1020170001130,29-2-,Rejection_Inventiveness,2,거절결정서,2019-04-08,kr_1020170001130__29-2-__r2
kr_1020170018545,29-2-,Rejection_Inventiveness,1,의견제출통지서,2019-12-02,kr_1020170018545__29-2-__r1
kr_1020170018545,42-4-2,Rejection_ClaimRequirements,1,의견제출통지서,2019-12-02,kr_1020170018545__42-4-2__r1
kr_1020170018545,42-8-,Rejection_ClaimFormat,1,의견제출통지서,2019-12-02,kr_1020170018545__42-8-__r1
kr_1020170023872,29-2-,Rejection_Inventiveness,1,의견제출통지서,2018-03-29,kr_1020170023872__29-2-__r1
kr_1020170023872,29-2-,Rejection_Inventiveness,2,거절결정서,2018-09-11,kr_1020170023872__29-2-__r2
kr_1020170023872,42-3-1,Rejection_Disclosure,1,의견제출통지서,2018-03-29,kr_1020170023872__42-3-1__r1
kr_1020170023872,42-4-2,Rejection_ClaimRequirements,1,의견제출통지서,2018-03-29,kr_1020170023872__42-4-2__r1
kr_1020170025705,29-2-,Rejection_Inventiveness,1,의견제출통지서,2024-06-21,kr_1020170025705__29-2-__r1
kr_1020170027361,29-2-,Rejection_Inventiveness,1,의견제출통지서,2017-04-04,kr_1020170027361__29-2-__r1
kr_1020170027361,29-2-,Rejection_Inventiveness,2,거절결정서,2017-09-04,kr_1020170027361__29-2-__r2
kr_1020170030238,29-2-,Rejection_Inventiveness,1,의견제출통지서,2017-06-01,kr_1020170030238__29-2-__r1
kr_1020170030238,29-2-,Rejection_Inventiveness,2,거절결정서,2018-01-30,kr_1020170030238__29-2-__r2
kr_1020170030500,29-2-,Rejection_Inventiveness,1,의견제출통지서,2017-08-11,kr_1020170030500__29-2-__r1
kr_1020170030500,29-2-,Rejection_Inventiveness,2,의견제출통지서,2018-02-22,kr_1020170030500__29-2-__r2
kr_1020170030500,29-2-,Rejection_Inventiveness,3,거절결정서,2018-10-12,kr_1020170030500__29-2-__r3
kr_1020170030500,42-4-2,Rejection_ClaimRequirements,1,의견제출통지서,2017-08-11,kr_1020170030500__42-4-2__r1
kr_1020170032419,29-2-,Rejection_Inventiveness,1,의견제출통지서,2017-06-08,kr_1020170032419__29-2-__r1
kr_1020170032419,29-2-,Rejection_Inventiveness,2,거절결정서,2018-04-20,kr_1020170032419__29-2-__r2
kr_1020170032419,42-4-2,Rejection_ClaimRequirements,1,의견제출통지서,2017-06-08,kr_1020170032419__42-4-2__r1
kr_1020170039367,29-2-,Rejection_Inventiveness,1,의견제출통지서,2018-10-04,kr_1020170039367__29-2-__r1
kr_1020170039367,29-2-,Rejection_Inventiveness,2,거절결정서,2019-01-14,kr_1020170039367__29-2-__r2
kr_1020170044970,29-2-,Rejection_Inventiveness,1,의견제출통지서,2021-03-16,kr_1020170044970__29-2-__r1
kr_1020170044970,29-2-,Rejection_Inventiveness,2,거절결정서,2021-09-15,kr_1020170044970__29-2-__r2
kr_1020170073407,29-1-2,Rejection_Novelty,1,의견제출통지서,2019-10-21,kr_1020170073407__29-1-2__r1
kr_1020170073407,29-2-,Rejection_Inventiveness,1,의견제출통지서,2019-10-21,kr_1020170073407__29-2-__r1
kr_1020170073407,29-2-,Rejection_Inventiveness,2,거절결정서,2020-04-28,kr_1020170073407__29-2-__r2
kr_1020170078569,29-2-,Rejection_Inventiveness,2,의견제출통지서,2018-04-24,kr_1020170078569__29-2-__r2
kr_1020170078569,29-2-,Rejection_Inventiveness,3,거절결정서,2018-11-27,kr_1020170078569__29-2-__r3
kr_1020170078569,42-4-1,Rejection_ClaimRequirements,1,의견제출통지서,2017-10-16,kr_1020170078569__42-4-1__r1
kr_1020170078569,42-4-1,Rejection_ClaimRequirements,2,의견제출통지서,2018-04-24,kr_1020170078569__42-4-1__r2
kr_1020170078569,42-4-2,Rejection_ClaimRequirements,1,의견제출통지서,2017-10-16,kr_1020170078569__42-4-2__r1
kr_1020170078569,42-4-2,Rejection_ClaimRequirements,2,의견제출통지서,2018-04-24,kr_1020170078569__42-4-2__r2
kr_1020170078569,45,Rejection_UnityOfInvention,2,의견제출통지서,2018-04-24,kr_1020170078569__45__r2
kr_1020170097000,29-2-,Rejection_Inventiveness,1,의견제출통지서,2019-03-15,kr_1020170097000__29-2-__r1
kr_1020170097000,29-2-,Rejection_Inventiveness,2,거절결정서,2019-09-16,kr_1020170097000__29-2-__r2
kr_1020170111377,29-2-,Rejection_Inventiveness,1,의견제출통지서,2018-11-21,kr_1020170111377__29-2-__r1
kr_1020170111377,29-2-,Rejection_Inventiveness,2,거절결정서,2019-07-30,kr_1020170111377__29-2-__r2
kr_1020170111377,42-3-1,Rejection_Disclosure,1,의견제출통지서,2018-11-21,kr_1020170111377__42-3-1__r1
kr_1020170111377,42-4-2,Rejection_ClaimRequirements,1,의견제출통지서,2018-11-21,kr_1020170111377__42-4-2__r1
kr_1020170117430,29-2-,Rejection_Inventiveness,1,의견제출통지서,2019-02-13,kr_1020170117430__29-2-__r1
kr_1020170117430,29-2-,Rejection_Inventiveness,2,의견제출통지서,2019-12-24,kr_1020170117430__29-2-__r2
kr_1020170117430,29-2-,Rejection_Inventiveness,3,거절결정서,2020-06-24,kr_1020170117430__29-2-__r3
kr_1020170117430,42-4-2,Rejection_ClaimRequirements,1,의견제출통지서,2019-02-13,kr_1020170117430__42-4-2__r1
kr_1020170122294,29-2-,Rejection_Inventiveness,1,의견제출통지서,2022-04-25,kr_1020170122294__29-2-__r1
kr_1020170122294,42-4-2,Rejection_ClaimRequirements,1,의견제출통지서,2022-04-25,kr_1020170122294__42-4-2__r1
kr_1020170124139,29-1-2,Rejection_Novelty,1,의견제출통지서,2018-12-03,kr_1020170124139__29-1-2__r1
kr_1020170124139,29-2-,Rejection_Inventiveness,1,의견제출통지서,2018-12-03,kr_1020170124139__29-2-__r1
kr_1020170124139,29-2-,Rejection_Inventiveness,2,거절결정서,2019-06-04,kr_1020170124139__29-2-__r2
kr_1020170125282,29-2-,Rejection_Inventiveness,1,의견제출통지서,2019-03-20,kr_1020170125282__29-2-__r1
kr_1020170125282,29-2-,Rejection_Inventiveness,2,거절결정서,2019-09-17,kr_1020170125282__29-2-__r2
kr_1020170128000,29-2-,Rejection_Inventiveness,1,의견제출통지서,2019-06-03,kr_1020170128000__29-2-__r1
kr_1020170128000,29-2-,Rejection_Inventiveness,2,거절결정서,2019-09-09,kr_1020170128000__29-2-__r2
kr_1020170128111,29-1-2,Rejection_Novelty,1,의견제출통지서,2018-10-19,kr_1020170128111__29-1-2__r1
kr_1020170128111,29-2-,Rejection_Inventiveness,1,의견제출통지서,2018-10-19,kr_1020170128111__29-2-__r1
kr_1020170128111,29-2-,Rejection_Inventiveness,2,의견제출통지서,2019-04-23,kr_1020170128111__29-2-__r2
kr_1020170128111,29-2-,Rejection_Inventiveness,3,거절결정서,2019-10-11,kr_1020170128111__29-2-__r3
kr_1020170128111,42-4-2,Rejection_ClaimRequirements,1,의견제출통지서,2018-10-19,kr_1020170128111__42-4-2__r1
kr_1020170131041,29-2-,Rejection_Inventiveness,1,의견제출통지서,2018-10-17,kr_1020170131041__29-2-__r1
kr_1020170131041,29-2-,Rejection_Inventiveness,2,거절결정서,2019-06-25,kr_1020170131041__29-2-__r2
kr_1020170135831,29-2-,Rejection_Inventiveness,1,의견제출통지서,2019-05-18,kr_1020170135831__29-2-__r1
kr_1020170135831,29-2-,Rejection_Inventiveness,2,의견제출통지서,2019-11-20,kr_1020170135831__29-2-__r2
kr_1020170135831,29-2-,Rejection_Inventiveness,3,거절결정서,2020-05-26,kr_1020170135831__29-2-__r3
kr_1020170135856,29-2-,Rejection_Inventiveness,1,의견제출통지서,2021-12-08,kr_1020170135856__29-2-__r1
kr_1020170135856,29-2-,Rejection_Inventiveness,2,거절결정서,2022-06-08,kr_1020170135856__29-2-__r2
kr_1020170138476,29-2-,Rejection_Inventiveness,1,의견제출통지서,2020-10-29,kr_1020170138476__29-2-__r1
kr_1020170138476,29-3-,Rejection_ExpandedPriorFiling,1,의견제출통지서,2020-10-29,kr_1020170138476__29-3-__r1
kr_1020170139992,29-2-,Rejection_Inventiveness,1,의견제출통지서,2019-05-10,kr_1020170139992__29-2-__r1
kr_1020170139992,29-2-,Rejection_Inventiveness,2,거절결정서,2020-02-27,kr_1020170139992__29-2-__r2
kr_1020170144933,29-1-2,Rejection_Novelty,1,의견제출통지서,2021-11-17,kr_1020170144933__29-1-2__r1
kr_1020170144933,29-2-,Rejection_Inventiveness,1,의견제출통지서,2021-11-17,kr_1020170144933__29-2-__r1
kr_1020170144933,29-2-,Rejection_Inventiveness,2,거절결정서,2022-09-19,kr_1020170144933__29-2-__r2
kr_1020170147532,29-2-,Rejection_Inventiveness,1,의견제출통지서,2022-05-23,kr_1020170147532__29-2-__r1
kr_1020170148163,29-2-,Rejection_Inventiveness,1,의견제출통지서,2018-01-02,kr_1020170148163__29-2-__r1
kr_1020170148163,29-2-,Rejection_Inventiveness,2,거절결정서,2018-05-08,kr_1020170148163__29-2-__r2
kr_1020170161185,29-2-,Rejection_Inventiveness,1,의견제출통지서,2018-02-27,kr_1020170161185__29-2-__r1
kr_1020170161185,29-2-,Rejection_Inventiveness,2,거절결정서,2018-09-07,kr_1020170161185__29-2-__r2
kr_1020170161185,42-3-,Rejection_Disclosure,1,의견제출통지서,2018-02-27,kr_1020170161185__42-3-__r1
kr_1020170161185,42-4-1,Rejection_ClaimRequirements,1,의견제출통지서,2018-02-27,kr_1020170161185__42-4-1__r1
kr_1020170161185,42-4-2,Rejection_ClaimRequirements,1,의견제출통지서,2018-02-27,kr_1020170161185__42-4-2__r1
kr_1020170165267,29-2-,Rejection_Inventiveness,1,의견제출통지서,2018-02-01,kr_1020170165267__29-2-__r1
kr_1020170165267,29-2-,Rejection_Inventiveness,2,거절결정서,2018-08-08,kr_1020170165267__29-2-__r2
kr_1020170177506,29-2-,Rejection_Inventiveness,1,의견제출통지서,2018-11-21,kr_1020170177506__29-2-__r1
kr_1020170177506,29-2-,Rejection_Inventiveness,2,거절결정서,2019-05-21,kr_1020170177506__29-2-__r2
kr_1020170185087,29-2-,Rejection_Inventiveness,2,의견제출통지서,2018-10-29,kr_1020170185087__29-2-__r2
kr_1020170185087,29-2-,Rejection_Inventiveness,3,거절결정서,2019-09-18,kr_1020170185087__29-2-__r3
kr_1020170185087,42-3-1,Rejection_Disclosure,1,의견제출통지서,2018-03-20,kr_1020170185087__42-3-1__r1
kr_1020177000412,29-2-,Rejection_Inventiveness,1,의견제출통지서,2019-08-26,kr_1020177000412__29-2-__r1
kr_1020177000412,29-2-,Rejection_Inventiveness,2,거절결정서,2020-04-23,kr_1020177000412__29-2-__r2
kr_1020177000412,42-4-2,Rejection_ClaimRequirements,1,의견제출통지서,2019-08-26,kr_1020177000412__42-4-2__r1
kr_1020177003562,29-2-,Rejection_Inventiveness,1,의견제출통지서,2018-01-12,kr_1020177003562__29-2-__r1
kr_1020177003562,29-2-,Rejection_Inventiveness,2,의견제출통지서,2018-07-30,kr_1020177003562__29-2-__r2
kr_1020177003562,29-2-,Rejection_Inventiveness,3,거절결정서,2019-01-22,kr_1020177003562__29-2-__r3
kr_1020177006719,29-2-,Rejection_Inventiveness,1,의견제출통지서,2018-07-02,kr_1020177006719__29-2-__r1
kr_1020177006719,29-2-,Rejection_Inventiveness,2,의견제출통지서,2018-11-12,kr_1020177006719__29-2-__r2
kr_1020177006719,29-2-,Rejection_Inventiveness,3,거절결정서,2019-05-01,kr_1020177006719__29-2-__r3
kr_1020177007784,42-4-2,Rejection_ClaimRequirements,1,의견제출통지서,2019-03-04,kr_1020177007784__42-4-2__r1
kr_1020177016247,29-2-,Rejection_Inventiveness,1,의견제출통지서,2019-01-02,kr_1020177016247__29-2-__r1
kr_1020177016247,29-2-,Rejection_Inventiveness,2,거절결정서,2019-04-11,kr_1020177016247__29-2-__r2
kr_1020177016247,42-4-2,Rejection_ClaimRequirements,1,의견제출통지서,2019-01-02,kr_1020177016247__42-4-2__r1
kr_1020177016790,29-2-,Rejection_Inventiveness,1,의견제출통지서,2019-01-25,kr_1020177016790__29-2-__r1
kr_1020177016790,29-2-,Rejection_Inventiveness,2,거절결정서,2019-07-10,kr_1020177016790__29-2-__r2
kr_1020177017122,29-2-,Rejection_Inventiveness,1,의견제출통지서,2017-08-02,kr_1020177017122__29-2-__r1
kr_1020177017122,29-2-,Rejection_Inventiveness,2,거절결정서,2018-02-22,kr_1020177017122__29-2-__r2
kr_1020177017566,29-2-,Rejection_Inventiveness,1,의견제출통지서,2019-01-02,kr_1020177017566__29-2-__r1
kr_1020177017566,29-2-,Rejection_Inventiveness,2,거절결정서,2019-07-01,kr_1020177017566__29-2-__r2
kr_1020177017623,29-2-,Rejection_Inventiveness,1,의견제출통지서,2017-08-02,kr_1020177017623__29-2-__r1
kr_1020177017623,29-2-,Rejection_Inventiveness,2,거절결정서,2018-02-01,kr_1020177017623__29-2-__r2
kr_1020177018680,29-2-,Rejection_Inventiveness,1,의견제출통지서,2019-02-01,kr_1020177018680__29-2-__r1
kr_1020177018680,29-2-,Rejection_Inventiveness,2,의견제출통지서,2019-05-01,kr_1020177018680__29-2-__r2
kr_1020177018680,29-2-,Rejection_Inventiveness,3,거절결정서,2019-12-02,kr_1020177018680__29-2-__r3
kr_1020177019306,29-2-,Rejection_Inventiveness,1,의견제출통지서,2018-09-13,kr_1020177019306__29-2-__r1
kr_1020177019306,29-2-,Rejection_Inventiveness,2,거절결정서,2019-04-05,kr_1020177019306__29-2-__r2
kr_1020177019306,29-2-,Rejection_Inventiveness,3,의견제출통지서,2019-05-28,kr_1020177019306__29-2-__r3
kr_1020177019771,29-1-2,Rejection_Novelty,1,의견제출통지서,2022-12-16,kr_1020177019771__29-1-2__r1
kr_1020177019771,29-2-,Rejection_Inventiveness,1,의견제출통지서,2022-12-16,kr_1020177019771__29-2-__r1
kr_1020177019771,29-2-,Rejection_Inventiveness,2,거절결정서,2023-06-05,kr_1020177019771__29-2-__r2
kr_1020177019771,29-2-,Rejection_Inventiveness,3,의견제출통지서,2023-10-05,kr_1020177019771__29-2-__r3
kr_1020177019771,42-3-1,Rejection_Disclosure,1,의견제출통지서,2022-12-16,kr_1020177019771__42-3-1__r1
kr_1020177019771,42-4-1,Rejection_ClaimRequirements,1,의견제출통지서,2022-12-16,kr_1020177019771__42-4-1__r1
kr_1020177019771,42-4-2,Rejection_ClaimRequirements,1,의견제출통지서,2022-12-16,kr_1020177019771__42-4-2__r1
kr_1020177021512,29-2-,Rejection_Inventiveness,2,의견제출통지서,2019-07-09,kr_1020177021512__29-2-__r2
kr_1020177021512,29-2-,Rejection_Inventiveness,3,거절결정서,2019-11-14,kr_1020177021512__29-2-__r3
kr_1020177021512,42-4-2,Rejection_ClaimRequirements,1,의견제출통지서,2019-04-01,kr_1020177021512__42-4-2__r1
kr_1020177021541,29-2-,Rejection_Inventiveness,1,의견제출통지서,2018-09-12,kr_1020177021541__29-2-__r1
kr_1020177021541,29-2-,Rejection_Inventiveness,2,거절결정서,2019-05-29,kr_1020177021541__29-2-__r2
kr_1020177021541,42-4-2,Rejection_ClaimRequirements,1,의견제출통지서,2018-09-12,kr_1020177021541__42-4-2__r1
kr_1020177021641,29-2-,Rejection_Inventiveness,1,의견제출통지서,2017-11-27,kr_1020177021641__29-2-__r1
kr_1020177024162,29-1-2,Rejection_Novelty,1,의견제출통지서,2018-05-01,kr_1020177024162__29-1-2__r1
kr_1020177024162,29-2-,Rejection_Inventiveness,1,의견제출통지서,2018-05-01,kr_1020177024162__29-2-__r1
kr_1020177024162,29-2-,Rejection_Inventiveness,2,거절결정서,2018-08-01,kr_1020177024162__29-2-__r2
kr_1020177026182,29-2-,Rejection_Inventiveness,1,의견제출통지서,2018-12-10,kr_1020177026182__29-2-__r1
kr_1020177026182,29-2-,Rejection_Inventiveness,2,거절결정서,2019-11-22,kr_1020177026182__29-2-__r2
kr_1020177026182,42-4-2,Rejection_ClaimRequirements,1,의견제출통지서,2018-12-10,kr_1020177026182__42-4-2__r1
kr_1020177031482,29-2-,Rejection_Inventiveness,1,의견제출통지서,2018-11-20,kr_1020177031482__29-2-__r1
kr_1020177031482,29-2-,Rejection_Inventiveness,2,거절결정서,2019-05-31,kr_1020177031482__29-2-__r2
kr_1020177031482,42-8-,Rejection_ClaimFormat,1,의견제출통지서,2018-11-20,kr_1020177031482__42-8-__r1
kr_1020177033163,29-1-2,Rejection_Novelty,1,의견제출통지서,2021-11-21,kr_1020177033163__29-1-2__r1
kr_1020177033163,29-2-,Rejection_Inventiveness,1,의견제출통지서,2021-11-21,kr_1020177033163__29-2-__r1
kr_1020177033163,45,Rejection_UnityOfInvention,1,의견제출통지서,2021-11-21,kr_1020177033163__45__r1
kr_1020177035199,29-1-2,Rejection_Novelty,1,의견제출통지서,2019-04-09,kr_1020177035199__29-1-2__r1
kr_1020177035199,29-2-,Rejection_Inventiveness,1,의견제출통지서,2019-04-09,kr_1020177035199__29-2-__r1
kr_1020177035841,29-2-,Rejection_Inventiveness,1,의견제출통지서,2019-10-01,kr_1020177035841__29-2-__r1
kr_1020177035841,29-2-,Rejection_Inventiveness,2,거절결정서,2020-01-13,kr_1020177035841__29-2-__r2
kr_1020177036496,29-2-,Rejection_Inventiveness,1,의견제출통지서,2018-03-09,kr_1020177036496__29-2-__r1
kr_1020177036496,29-2-,Rejection_Inventiveness,2,거절결정서,2018-09-19,kr_1020177036496__29-2-__r2
kr_1020180006266,29-1-2,Rejection_Novelty,1,의견제출통지서,2022-02-25,kr_1020180006266__29-1-2__r1
kr_1020180006266,29-2-,Rejection_Inventiveness,1,의견제출통지서,2022-02-25,kr_1020180006266__29-2-__r1
kr_1020180006266,29-2-,Rejection_Inventiveness,2,거절결정서,2022-08-10,kr_1020180006266__29-2-__r2
kr_1020180006266,42-4-1,Rejection_ClaimRequirements,1,의견제출통지서,2022-02-25,kr_1020180006266__42-4-1__r1
kr_1020180006266,42-4-2,Rejection_ClaimRequirements,1,의견제출통지서,2022-02-25,kr_1020180006266__42-4-2__r1
kr_1020180006266,42-8-,Rejection_ClaimFormat,1,의견제출통지서,2022-02-25,kr_1020180006266__42-8-__r1
kr_1020180006266,45,Rejection_UnityOfInvention,1,의견제출통지서,2022-02-25,kr_1020180006266__45__r1
kr_1020180006266,45,Rejection_UnityOfInvention,2,거절결정서,2022-08-10,kr_1020180006266__45__r2
kr_1020180007331,29-2-,Rejection_Inventiveness,1,의견제출통지서,2019-07-18,kr_1020180007331__29-2-__r1
kr_1020180007331,29-2-,Rejection_Inventiveness,3,의견제출통지서,2020-05-25,kr_1020180007331__29-2-__r3
kr_1020180007331,42-4-1,Rejection_ClaimRequirements,2,의견제출통지서,2019-11-05,kr_1020180007331__42-4-1__r2
kr_1020180007331,42-4-2,Rejection_ClaimRequirements,2,의견제출통지서,2019-11-05,kr_1020180007331__42-4-2__r2
kr_1020180015102,29-2-,Rejection_Inventiveness,1,의견제출통지서,2021-05-13,kr_1020180015102__29-2-__r1
kr_1020180015102,42-3-1,Rejection_Disclosure,1,의견제출통지서,2021-05-13,kr_1020180015102__42-3-1__r1
kr_1020180015102,42-4-2,Rejection_ClaimRequirements,1,의견제출통지서,2021-05-13,kr_1020180015102__42-4-2__r1
kr_1020180026799,29-2-,Rejection_Inventiveness,1,의견제출통지서,2022-01-13,kr_1020180026799__29-2-__r1
kr_1020180026799,29-2-,Rejection_Inventiveness,2,거절결정서,2022-09-29,kr_1020180026799__29-2-__r2
kr_1020180035106,29-2-,Rejection_Inventiveness,1,의견제출통지서,2020-04-01,kr_1020180035106__29-2-__r1
kr_1020180035106,29-2-,Rejection_Inventiveness,2,거절결정서,2020-06-10,kr_1020180035106__29-2-__r2
kr_1020180042500,29-2-,Rejection_Inventiveness,1,의견제출통지서,2020-01-10,kr_1020180042500__29-2-__r1
kr_1020180042500,42-4-2,Rejection_ClaimRequirements,1,의견제출통지서,2020-01-10,kr_1020180042500__42-4-2__r1
kr_1020180106150,29-2-,Rejection_Inventiveness,1,의견제출통지서,2020-02-13,kr_1020180106150__29-2-__r1
kr_1020180106150,29-2-,Rejection_Inventiveness,2,거절결정서,2020-10-06,kr_1020180106150__29-2-__r2
kr_1020180109051,29-1-2,Rejection_Novelty,1,의견제출통지서,2023-07-12,kr_1020180109051__29-1-2__r1
kr_1020180109051,29-2-,Rejection_Inventiveness,1,의견제출통지서,2023-07-12,kr_1020180109051__29-2-__r1
kr_1020180109051,29-2-,Rejection_Inventiveness,2,거절결정서,2024-01-09,kr_1020180109051__29-2-__r2
kr_1020180111575,29-2-,Rejection_Inventiveness,1,의견제출통지서,2019-12-27,kr_1020180111575__29-2-__r1
kr_1020180111575,29-2-,Rejection_Inventiveness,2,거절결정서,2020-06-23,kr_1020180111575__29-2-__r2
kr_1020180114808,29-2-,Rejection_Inventiveness,1,의견제출통지서,2020-09-28,kr_1020180114808__29-2-__r1
kr_1020180114808,29-2-,Rejection_Inventiveness,2,거절결정서,2021-04-28,kr_1020180114808__29-2-__r2
kr_1020180114808,42-4-2,Rejection_ClaimRequirements,1,의견제출통지서,2020-09-28,kr_1020180114808__42-4-2__r1
kr_1020180126580,29-2-,Rejection_Inventiveness,1,의견제출통지서,2020-04-14,kr_1020180126580__29-2-__r1
kr_1020180126580,29-2-,Rejection_Inventiveness,2,거절결정서,2020-10-06,kr_1020180126580__29-2-__r2
kr_1020180126580,42-4-2,Rejection_ClaimRequirements,1,의견제출통지서,2020-04-14,kr_1020180126580__42-4-2__r1
kr_1020180134899,29-2-,Rejection_Inventiveness,1,의견제출통지서,2020-05-06,kr_1020180134899__29-2-__r1
kr_1020180134899,29-2-,Rejection_Inventiveness,2,의견제출통지서,2020-08-04,kr_1020180134899__29-2-__r2
kr_1020180134899,42-4-2,Rejection_ClaimRequirements,1,의견제출통지서,2020-05-06,kr_1020180134899__42-4-2__r1
kr_1020180135522,29-2-,Rejection_Inventiveness,1,의견제출통지서,2021-06-13,kr_1020180135522__29-2-__r1
kr_1020180139140,29-2-,Rejection_Inventiveness,1,의견제출통지서,2020-06-15,kr_1020180139140__29-2-__r1
kr_1020180139140,29-2-,Rejection_Inventiveness,2,거절결정서,2020-12-17,kr_1020180139140__29-2-__r2
kr_1020180143287,29-2-,Rejection_Inventiveness,1,의견제출통지서,2023-09-07,kr_1020180143287__29-2-__r1
kr_1020180143287,29-2-,Rejection_Inventiveness,2,의견제출통지서,2024-02-25,kr_1020180143287__29-2-__r2
kr_1020180143287,29-2-,Rejection_Inventiveness,3,거절결정서,2024-10-21,kr_1020180143287__29-2-__r3
kr_1020180145243,29-2-,Rejection_Inventiveness,1,의견제출통지서,2019-11-21,kr_1020180145243__29-2-__r1
kr_1020180145243,29-2-,Rejection_Inventiveness,2,거절결정서,2020-05-21,kr_1020180145243__29-2-__r2
kr_1020187002535,29-2-,Rejection_Inventiveness,1,의견제출통지서,2022-04-17,kr_1020187002535__29-2-__r1
kr_1020187006718,29-2-,Rejection_Inventiveness,1,의견제출통지서,2018-04-30,kr_1020187006718__29-2-__r1
kr_1020187006718,29-2-,Rejection_Inventiveness,2,거절결정서,2019-03-12,kr_1020187006718__29-2-__r2
kr_1020187006718,42-3-,Rejection_Disclosure,1,의견제출통지서,2018-04-30,kr_1020187006718__42-3-__r1
kr_1020187006718,42-4-2,Rejection_ClaimRequirements,1,의견제출통지서,2018-04-30,kr_1020187006718__42-4-2__r1
kr_1020187007154,29-1-2,Rejection_Novelty,2,의견제출통지서,2019-02-28,kr_1020187007154__29-1-2__r2
kr_1020187007154,29-2-,Rejection_Inventiveness,1,의견제출통지서,2018-04-19,kr_1020187007154__29-2-__r1
kr_1020187007154,29-2-,Rejection_Inventiveness,2,의견제출통지서,2019-02-28,kr_1020187007154__29-2-__r2
kr_1020187007154,36-2-,Rejection_SameDayFiling,1,의견제출통지서,2018-04-19,kr_1020187007154__36-2-__r1
kr_1020187007154,42-4-2,Rejection_ClaimRequirements,2,의견제출통지서,2019-02-28,kr_1020187007154__42-4-2__r2
kr_1020187007154,42-8-,Rejection_ClaimFormat,1,의견제출통지서,2018-04-19,kr_1020187007154__42-8-__r1
kr_1020187010642,29-2-,Rejection_Inventiveness,1,의견제출통지서,2018-06-04,kr_1020187010642__29-2-__r1
kr_1020187010642,29-2-,Rejection_Inventiveness,2,거절결정서,2018-12-19,kr_1020187010642__29-2-__r2
kr_1020187010642,42-4-1,Rejection_ClaimRequirements,1,의견제출통지서,2018-06-04,kr_1020187010642__42-4-1__r1
kr_1020187010642,42-4-2,Rejection_ClaimRequirements,1,의견제출통지서,2018-06-04,kr_1020187010642__42-4-2__r1
kr_1020187010642,42-4-2,Rejection_ClaimRequirements,2,거절결정서,2018-12-19,kr_1020187010642__42-4-2__r2
kr_1020187010642,52-1-,Rejection_DivisionalScope,1,의견제출통지서,2018-06-04,kr_1020187010642__52-1-__r1
kr_1020187013141,29-2-,Rejection_Inventiveness,1,의견제출통지서,2019-12-14,kr_1020187013141__29-2-__r1
kr_1020187013141,29-2-,Rejection_Inventiveness,2,거절결정서,2020-06-19,kr_1020187013141__29-2-__r2
kr_1020187015558,29-2-,Rejection_Inventiveness,1,의견제출통지서,2018-07-02,kr_1020187015558__29-2-__r1
kr_1020187015558,42-3-1,Rejection_Disclosure,1,의견제출통지서,2018-07-02,kr_1020187015558__42-3-1__r1
kr_1020187015558,42-3-1,Rejection_Disclosure,2,의견제출통지서,2018-11-14,kr_1020187015558__42-3-1__r2
kr_1020187015558,42-3-1,Rejection_Disclosure,3,거절결정서,2019-05-01,kr_1020187015558__42-3-1__r3
kr_1020187015558,42-4-2,Rejection_ClaimRequirements,1,의견제출통지서,2018-07-02,kr_1020187015558__42-4-2__r1
kr_1020187015558,42-4-2,Rejection_ClaimRequirements,2,의견제출통지서,2018-11-14,kr_1020187015558__42-4-2__r2
kr_1020187015558,42-4-2,Rejection_ClaimRequirements,3,거절결정서,2019-05-01,kr_1020187015558__42-4-2__r3
kr_1020187020399,29-2-,Rejection_Inventiveness,1,의견제출통지서,2018-08-10,kr_1020187020399__29-2-__r1
kr_1020187020399,29-2-,Rejection_Inventiveness,2,거절결정서,2019-01-14,kr_1020187020399__29-2-__r2
kr_1020187020399,42-3-1,Rejection_Disclosure,1,의견제출통지서,2018-08-10,kr_1020187020399__42-3-1__r1
kr_1020187020399,42-4-2,Rejection_ClaimRequirements,1,의견제출통지서,2018-08-10,kr_1020187020399__42-4-2__r1
kr_1020187025452,29-2-,Rejection_Inventiveness,1,의견제출통지서,2018-10-04,kr_1020187025452__29-2-__r1
kr_1020187026682,29-1-2,Rejection_Novelty,1,의견제출통지서,2022-02-16,kr_1020187026682__29-1-2__r1
kr_1020187026682,29-2-,Rejection_Inventiveness,1,의견제출통지서,2022-02-16,kr_1020187026682__29-2-__r1
kr_1020187026682,29-2-,Rejection_Inventiveness,2,거절결정서,2022-07-26,kr_1020187026682__29-2-__r2
kr_1020187026682,42-8-,Rejection_ClaimFormat,1,의견제출통지서,2022-02-16,kr_1020187026682__42-8-__r1
kr_1020187026966,29-1-2,Rejection_Novelty,1,의견제출통지서,2021-03-30,kr_1020187026966__29-1-2__r1
kr_1020187026966,29-2-,Rejection_Inventiveness,1,의견제출통지서,2021-03-30,kr_1020187026966__29-2-__r1
kr_1020187026966,29-2-,Rejection_Inventiveness,2,거절결정서,2021-10-28,kr_1020187026966__29-2-__r2
kr_1020187026966,42-8-,Rejection_ClaimFormat,1,의견제출통지서,2021-03-30,kr_1020187026966__42-8-__r1
kr_1020187028562,29-1-2,Rejection_Novelty,1,의견제출통지서,2023-10-31,kr_1020187028562__29-1-2__r1
kr_1020187028562,29-2-,Rejection_Inventiveness,1,의견제출통지서,2023-10-31,kr_1020187028562__29-2-__r1
kr_1020187028718,29-1-2,Rejection_Novelty,2,의견제출통지서,2019-12-13,kr_1020187028718__29-1-2__r2
kr_1020187028718,29-2-,Rejection_Inventiveness,2,의견제출통지서,2019-12-13,kr_1020187028718__29-2-__r2
kr_1020187028718,42-4-2,Rejection_ClaimRequirements,1,의견제출통지서,2018-12-03,kr_1020187028718__42-4-2__r1
kr_1020187031288,29-2-,Rejection_Inventiveness,1,의견제출통지서,2019-01-22,kr_1020187031288__29-2-__r1
kr_1020187031288,29-2-,Rejection_Inventiveness,2,의견제출통지서,2019-09-26,kr_1020187031288__29-2-__r2
kr_1020187031288,29-2-,Rejection_Inventiveness,3,거절결정서,2020-02-11,kr_1020187031288__29-2-__r3
kr_1020187031288,45,Rejection_UnityOfInvention,1,의견제출통지서,2019-01-22,kr_1020187031288__45__r1
kr_1020187031762,29-2-,Rejection_Inventiveness,1,의견제출통지서,2019-06-03,kr_1020187031762__29-2-__r1
kr_1020187031762,29-2-,Rejection_Inventiveness,2,거절결정서,2020-03-02,kr_1020187031762__29-2-__r2
kr_1020187031762,42-4-2,Rejection_ClaimRequirements,1,의견제출통지서,2019-06-03,kr_1020187031762__42-4-2__r1
kr_1020187032197,29-2-,Rejection_Inventiveness,1,의견제출통지서,2019-01-22,kr_1020187032197__29-2-__r1
kr_1020187032197,29-2-,Rejection_Inventiveness,2,거절결정서,2019-07-24,kr_1020187032197__29-2-__r2
kr_1020187036818,29-2-,Rejection_Inventiveness,1,의견제출통지서,2019-02-26,kr_1020187036818__29-2-__r1
kr_1020187036818,29-2-,Rejection_Inventiveness,2,거절결정서,2019-11-26,kr_1020187036818__29-2-__r2
kr_1020187037164,29-1-2,Rejection_Novelty,1,의견제출통지서,2021-07-21,kr_1020187037164__29-1-2__r1
kr_1020187037164,29-1-2,Rejection_Novelty,2,의견제출통지서,2022-02-09,kr_1020187037164__29-1-2__r2
kr_1020187037164,29-2-,Rejection_Inventiveness,1,의견제출통지서,2021-07-21,kr_1020187037164__29-2-__r1
kr_1020187037164,29-2-,Rejection_Inventiveness,2,의견제출통지서,2022-02-09,kr_1020187037164__29-2-__r2
kr_1020187037164,42-8-,Rejection_ClaimFormat,1,의견제출통지서,2021-07-21,kr_1020187037164__42-8-__r1
kr_1020190015354,29-2-,Rejection_Inventiveness,1,의견제출통지서,2023-09-08,kr_1020190015354__29-2-__r1
kr_1020190015354,29-2-,Rejection_Inventiveness,2,거절결정서,2024-05-31,kr_1020190015354__29-2-__r2
kr_1020190015354,42-4-2,Rejection_ClaimRequirements,1,의견제출통지서,2023-09-08,kr_1020190015354__42-4-2__r1
kr_1020190017299,29-2-,Rejection_Inventiveness,1,의견제출통지서,2023-04-10,kr_1020190017299__29-2-__r1
kr_1020190017299,29-2-,Rejection_Inventiveness,2,거절결정서,2024-03-28,kr_1020190017299__29-2-__r2
kr_1020190017299,42-4-1,Rejection_ClaimRequirements,1,의견제출통지서,2023-04-10,kr_1020190017299__42-4-1__r1
kr_1020190017299,42-4-2,Rejection_ClaimRequirements,1,의견제출통지서,2023-04-10,kr_1020190017299__42-4-2__r1
kr_1020190028036,29-2-,Rejection_Inventiveness,1,의견제출통지서,2020-10-26,kr_1020190028036__29-2-__r1
kr_1020190028036,29-2-,Rejection_Inventiveness,2,거절결정서,2021-04-26,kr_1020190028036__29-2-__r2
kr_1020190028036,42-4-2,Rejection_ClaimRequirements,1,의견제출통지서,2020-10-26,kr_1020190028036__42-4-2__r1
kr_1020190033300,29-2-,Rejection_Inventiveness,1,의견제출통지서,2020-08-04,kr_1020190033300__29-2-__r1
kr_1020190033300,29-2-,Rejection_Inventiveness,2,거절결정서,2020-12-01,kr_1020190033300__29-2-__r2
kr_1020190036965,29-1-2,Rejection_Novelty,1,의견제출통지서,2022-01-24,kr_1020190036965__29-1-2__r1
kr_1020190036965,29-2-,Rejection_Inventiveness,1,의견제출통지서,2022-01-24,kr_1020190036965__29-2-__r1
kr_1020190049135,29-2-,Rejection_Inventiveness,1,의견제출통지서,2022-06-29,kr_1020190049135__29-2-__r1
kr_1020190049135,29-2-,Rejection_Inventiveness,2,거절결정서,2022-12-12,kr_1020190049135__29-2-__r2
kr_1020190053829,29-2-,Rejection_Inventiveness,1,의견제출통지서,2020-08-26,kr_1020190053829__29-2-__r1
kr_1020190053829,29-2-,Rejection_Inventiveness,2,거절결정서,2021-02-19,kr_1020190053829__29-2-__r2
kr_1020190060206,29-2-,Rejection_Inventiveness,1,의견제출통지서,2023-10-31,kr_1020190060206__29-2-__r1
kr_1020190060206,29-2-,Rejection_Inventiveness,2,거절결정서,2024-07-30,kr_1020190060206__29-2-__r2
kr_1020190086926,29-2-,Rejection_Inventiveness,1,의견제출통지서,2021-05-07,kr_1020190086926__29-2-__r1
kr_1020190086927,29-2-,Rejection_Inventiveness,1,의견제출통지서,2021-05-10,kr_1020190086927__29-2-__r1
kr_1020190086927,29-2-,Rejection_Inventiveness,2,거절결정서,2021-10-19,kr_1020190086927__29-2-__r2
kr_1020190091628,29-1-2,Rejection_Novelty,1,의견제출통지서,2020-08-06,kr_1020190091628__29-1-2__r1
kr_1020190091628,29-2-,Rejection_Inventiveness,1,의견제출통지서,2020-08-06,kr_1020190091628__29-2-__r1
kr_1020190091628,29-2-,Rejection_Inventiveness,2,거절결정서,2021-07-22,kr_1020190091628__29-2-__r2
kr_1020190092298,29-1-2,Rejection_Novelty,1,의견제출통지서,2020-06-23,kr_1020190092298__29-1-2__r1
kr_1020190092298,29-1-2,Rejection_Novelty,2,거절결정서,2020-12-16,kr_1020190092298__29-1-2__r2
kr_1020190092298,29-2-,Rejection_Inventiveness,1,의견제출통지서,2020-06-23,kr_1020190092298__29-2-__r1
kr_1020190092298,29-2-,Rejection_Inventiveness,2,거절결정서,2020-12-16,kr_1020190092298__29-2-__r2
kr_1020190096885,29-2-,Rejection_Inventiveness,1,의견제출통지서,2020-05-11,kr_1020190096885__29-2-__r1
kr_1020190097969,29-1-2,Rejection_Novelty,1,의견제출통지서,2024-07-26,kr_1020190097969__29-1-2__r1
kr_1020190097969,29-2-,Rejection_Inventiveness,1,의견제출통지서,2024-07-26,kr_1020190097969__29-2-__r1
kr_1020190097969,42-4-2,Rejection_ClaimRequirements,1,의견제출통지서,2024-07-26,kr_1020190097969__42-4-2__r1
kr_1020190102197,29-1-2,Rejection_Novelty,1,의견제출통지서,2020-11-12,kr_1020190102197__29-1-2__r1
kr_1020190102197,29-2-,Rejection_Inventiveness,1,의견제출통지서,2020-11-12,kr_1020190102197__29-2-__r1
kr_1020190102197,29-2-,Rejection_Inventiveness,2,거절결정서,2021-07-12,kr_1020190102197__29-2-__r2
kr_1020190106112,29-2-,Rejection_Inventiveness,1,의견제출통지서,2020-11-11,kr_1020190106112__29-2-__r1
kr_1020190106112,29-2-,Rejection_Inventiveness,2,거절결정서,2021-05-26,kr_1020190106112__29-2-__r2
kr_1020190108609,29-1-2,Rejection_Novelty,1,의견제출통지서,2021-05-03,kr_1020190108609__29-1-2__r1
kr_1020190108609,29-2-,Rejection_Inventiveness,1,의견제출통지서,2021-05-03,kr_1020190108609__29-2-__r1
kr_1020190108609,29-2-,Rejection_Inventiveness,2,거절결정서,2021-12-16,kr_1020190108609__29-2-__r2
kr_1020190108609,42-4-2,Rejection_ClaimRequirements,1,의견제출통지서,2021-05-03,kr_1020190108609__42-4-2__r1
kr_1020190109548,29-1-2,Rejection_Novelty,1,의견제출통지서,2024-03-14,kr_1020190109548__29-1-2__r1
kr_1020190109548,29-2-,Rejection_Inventiveness,1,의견제출통지서,2024-03-14,kr_1020190109548__29-2-__r1
kr_1020190133932,29-2-,Rejection_Inventiveness,1,의견제출통지서,2025-02-08,kr_1020190133932__29-2-__r1
kr_1020190143667,29-2-,Rejection_Inventiveness,1,의견제출통지서,2023-07-10,kr_1020190143667__29-2-__r1
kr_1020190143667,29-2-,Rejection_Inventiveness,2,의견제출통지서,2024-01-24,kr_1020190143667__29-2-__r2
kr_1020190143667,29-2-,Rejection_Inventiveness,3,거절결정서,2024-09-24,kr_1020190143667__29-2-__r3
kr_1020190143800,29-2-,Rejection_Inventiveness,1,의견제출통지서,2021-04-16,kr_1020190143800__29-2-__r1
kr_1020190143800,29-2-,Rejection_Inventiveness,2,거절결정서,2021-11-24,kr_1020190143800__29-2-__r2
kr_1020190143801,29-2-,Rejection_Inventiveness,1,의견제출통지서,2021-04-16,kr_1020190143801__29-2-__r1
kr_1020190143801,29-2-,Rejection_Inventiveness,2,거절결정서,2021-11-24,kr_1020190143801__29-2-__r2
kr_1020190178250,29-1-2,Rejection_Novelty,1,의견제출통지서,2021-03-26,kr_1020190178250__29-1-2__r1
kr_1020190178250,29-2-,Rejection_Inventiveness,1,의견제출통지서,2021-03-26,kr_1020190178250__29-2-__r1
kr_1020190178250,29-2-,Rejection_Inventiveness,2,거절결정서,2021-11-30,kr_1020190178250__29-2-__r2
kr_1020190178250,42-4-2,Rejection_ClaimRequirements,1,의견제출통지서,2021-03-26,kr_1020190178250__42-4-2__r1
kr_1020197000593,29-1-,Rejection_Novelty,1,의견제출통지서,2022-01-28,kr_1020197000593__29-1-__r1
kr_1020197000593,29-1-2,Rejection_Novelty,1,의견제출통지서,2022-01-28,kr_1020197000593__29-1-2__r1
kr_1020197000593,29-2-,Rejection_Inventiveness,1,의견제출통지서,2022-01-28,kr_1020197000593__29-2-__r1
kr_1020197000593,29-2-,Rejection_Inventiveness,2,거절결정서,2023-04-27,kr_1020197000593__29-2-__r2
kr_1020197000593,42-3-1,Rejection_Disclosure,1,의견제출통지서,2022-01-28,kr_1020197000593__42-3-1__r1
kr_1020197000593,42-3-1,Rejection_Disclosure,2,거절결정서,2023-04-27,kr_1020197000593__42-3-1__r2
kr_1020197000593,42-4-1,Rejection_ClaimRequirements,1,의견제출통지서,2022-01-28,kr_1020197000593__42-4-1__r1
kr_1020197000593,42-4-2,Rejection_ClaimRequirements,1,의견제출통지서,2022-01-28,kr_1020197000593__42-4-2__r1
kr_1020197000593,42-8-,Rejection_ClaimFormat,1,의견제출통지서,2022-01-28,kr_1020197000593__42-8-__r1
kr_1020197004052,29-2-,Rejection_Inventiveness,1,의견제출통지서,2020-11-02,kr_1020197004052__29-2-__r1
kr_1020197004052,29-2-,Rejection_Inventiveness,2,거절결정서,2021-06-02,kr_1020197004052__29-2-__r2
kr_1020197004477,29-2-,Rejection_Inventiveness,1,의견제출통지서,2019-04-01,kr_1020197004477__29-2-__r1
kr_1020197004477,29-2-,Rejection_Inventiveness,2,거절결정서,2020-03-02,kr_1020197004477__29-2-__r2
kr_1020197004927,29-2-,Rejection_Inventiveness,1,의견제출통지서,2020-07-01,kr_1020197004927__29-2-__r1
kr_1020197004927,29-2-,Rejection_Inventiveness,2,거절결정서,2020-11-09,kr_1020197004927__29-2-__r2
kr_1020197006238,29-2-,Rejection_Inventiveness,1,의견제출통지서,2020-04-08,kr_1020197006238__29-2-__r1
kr_1020197006238,42-4-1,Rejection_ClaimRequirements,1,의견제출통지서,2020-04-08,kr_1020197006238__42-4-1__r1
kr_1020197007290,29-2-,Rejection_Inventiveness,1,의견제출통지서,2019-08-01,kr_1020197007290__29-2-__r1
kr_1020197007290,29-2-,Rejection_Inventiveness,2,거절결정서,2019-11-14,kr_1020197007290__29-2-__r2
kr_1020197007680,29-2-,Rejection_Inventiveness,1,의견제출통지서,2019-08-01,kr_1020197007680__29-2-__r1
kr_1020197007680,29-2-,Rejection_Inventiveness,2,의견제출통지서,2020-01-03,kr_1020197007680__29-2-__r2
kr_1020197007680,29-2-,Rejection_Inventiveness,3,의견제출통지서,2020-01-03,kr_1020197007680__29-2-__r3
kr_1020197007680,29-2-,Rejection_Inventiveness,4,의견제출통지서,2020-04-01,kr_1020197007680__29-2-__r4
kr_1020197007680,29-2-,Rejection_Inventiveness,5,거절결정서,2020-06-10,kr_1020197007680__29-2-__r5
kr_1020197010201,29-2-,Rejection_Inventiveness,1,의견제출통지서,2019-05-01,kr_1020197010201__29-2-__r1
kr_1020197010201,29-2-,Rejection_Inventiveness,2,거절결정서,2020-04-10,kr_1020197010201__29-2-__r2
kr_1020197010320,29-1-2,Rejection_Novelty,1,의견제출통지서,2020-09-10,kr_1020197010320__29-1-2__r1
kr_1020197010320,29-2-,Rejection_Inventiveness,1,의견제출통지서,2020-09-10,kr_1020197010320__29-2-__r1
kr_1020197010320,29-2-,Rejection_Inventiveness,2,거절결정서,2021-03-06,kr_1020197010320__29-2-__r2
kr_1020197012646,29-2-,Rejection_Inventiveness,1,의견제출통지서,2022-01-31,kr_1020197012646__29-2-__r1
kr_1020197013085,29-2-,Rejection_Inventiveness,1,의견제출통지서,2021-11-22,kr_1020197013085__29-2-__r1
kr_1020197013085,29-2-,Rejection_Inventiveness,2,거절결정서,2022-05-25,kr_1020197013085__29-2-__r2
kr_1020197013085,42-4-2,Rejection_ClaimRequirements,1,의견제출통지서,2021-11-22,kr_1020197013085__42-4-2__r1
kr_1020197014604,29-1-2,Rejection_Novelty,1,의견제출통지서,2021-03-23,kr_1020197014604__29-1-2__r1
kr_1020197014604,29-2-,Rejection_Inventiveness,1,의견제출통지서,2021-03-23,kr_1020197014604__29-2-__r1
kr_1020197014604,29-2-,Rejection_Inventiveness,2,거절결정서,2021-10-20,kr_1020197014604__29-2-__r2
kr_1020197014604,42-8-,Rejection_ClaimFormat,1,의견제출통지서,2021-03-23,kr_1020197014604__42-8-__r1
kr_1020197015627,29-2-,Rejection_Inventiveness,1,의견제출통지서,2019-08-01,kr_1020197015627__29-2-__r1
kr_1020197015627,29-2-,Rejection_Inventiveness,2,거절결정서,2020-02-03,kr_1020197015627__29-2-__r2
kr_1020197017330,29-2-,Rejection_Inventiveness,1,의견제출통지서,2020-04-29,kr_1020197017330__29-2-__r1
kr_1020197017330,29-2-,Rejection_Inventiveness,2,거절결정서,2020-10-27,kr_1020197017330__29-2-__r2
kr_1020197020856,29-2-,Rejection_Inventiveness,1,의견제출통지서,2020-11-02,kr_1020197020856__29-2-__r1
kr_1020197020856,29-2-,Rejection_Inventiveness,2,거절결정서,2021-01-28,kr_1020197020856__29-2-__r2
kr_1020197020856,42-4-2,Rejection_ClaimRequirements,1,의견제출통지서,2020-11-02,kr_1020197020856__42-4-2__r1
kr_1020197023368,29-2-,Rejection_Inventiveness,2,의견제출통지서,2020-03-10,kr_1020197023368__29-2-__r2
kr_1020197023368,29-2-,Rejection_Inventiveness,3,거절결정서,2020-07-09,kr_1020197023368__29-2-__r3
kr_1020197023368,42-3-1,Rejection_Disclosure,2,의견제출통지서,2020-03-10,kr_1020197023368__42-3-1__r2
kr_1020197023368,42-3-1,Rejection_Disclosure,3,거절결정서,2020-07-09,kr_1020197023368__42-3-1__r3
kr_1020197023368,42-4-2,Rejection_ClaimRequirements,1,의견제출통지서,2019-10-01,kr_1020197023368__42-4-2__r1
kr_1020197023368,42-4-2,Rejection_ClaimRequirements,2,의견제출통지서,2020-03-10,kr_1020197023368__42-4-2__r2
kr_1020197023368,42-4-2,Rejection_ClaimRequirements,3,거절결정서,2020-07-09,kr_1020197023368__42-4-2__r3
kr_1020197024788,29-2-,Rejection_Inventiveness,1,의견제출통지서,2020-12-01,kr_1020197024788__29-2-__r1
kr_1020197024788,42-3-1,Rejection_Disclosure,1,의견제출통지서,2020-12-01,kr_1020197024788__42-3-1__r1
kr_1020197024788,42-4-2,Rejection_ClaimRequirements,1,의견제출통지서,2020-12-01,kr_1020197024788__42-4-2__r1
kr_1020197027544,29-2-,Rejection_Inventiveness,1,의견제출통지서,2020-12-01,kr_1020197027544__29-2-__r1
kr_1020197027544,29-2-,Rejection_Inventiveness,2,거절결정서,2021-02-26,kr_1020197027544__29-2-__r2
kr_1020197027544,42-4-2,Rejection_ClaimRequirements,1,의견제출통지서,2020-12-01,kr_1020197027544__42-4-2__r1
kr_1020197030493,29-1-2,Rejection_Novelty,1,의견제출통지서,2022-08-26,kr_1020197030493__29-1-2__r1
kr_1020197030493,29-1-2,Rejection_Novelty,2,거절결정서,2023-02-28,kr_1020197030493__29-1-2__r2
kr_1020197030493,29-2-,Rejection_Inventiveness,1,의견제출통지서,2022-08-26,kr_1020197030493__29-2-__r1
kr_1020197030493,29-2-,Rejection_Inventiveness,2,거절결정서,2023-02-28,kr_1020197030493__29-2-__r2
kr_1020197030649,29-1-2,Rejection_Novelty,1,의견제출통지서,2021-11-30,kr_1020197030649__29-1-2__r1
kr_1020197030649,29-1-2,Rejection_Novelty,2,의견제출통지서,2022-08-26,kr_1020197030649__29-1-2__r2
kr_1020197030649,29-2-,Rejection_Inventiveness,1,의견제출통지서,2021-11-30,kr_1020197030649__29-2-__r1
kr_1020197030649,29-2-,Rejection_Inventiveness,2,의견제출통지서,2022-08-26,kr_1020197030649__29-2-__r2
kr_1020197030649,29-2-,Rejection_Inventiveness,3,거절결정서,2023-02-27,kr_1020197030649__29-2-__r3
kr_1020197030649,42-4-2,Rejection_ClaimRequirements,2,의견제출통지서,2022-08-26,kr_1020197030649__42-4-2__r2
kr_1020197030649,42-8-,Rejection_ClaimFormat,1,의견제출통지서,2021-11-30,kr_1020197030649__42-8-__r1
kr_1020197034040,29-2-,Rejection_Inventiveness,1,의견제출통지서,2020-01-23,kr_1020197034040__29-2-__r1
kr_1020197034040,29-2-,Rejection_Inventiveness,2,거절결정서,2020-05-29,kr_1020197034040__29-2-__r2
kr_1020200005488,29-1-2,Rejection_Novelty,1,의견제출통지서,2021-04-26,kr_1020200005488__29-1-2__r1
kr_1020200005488,29-2-,Rejection_Inventiveness,1,의견제출통지서,2021-04-26,kr_1020200005488__29-2-__r1
kr_1020200005488,42-4-1,Rejection_ClaimRequirements,1,의견제출통지서,2021-04-26,kr_1020200005488__42-4-1__r1
kr_1020200005488,45,Rejection_UnityOfInvention,1,의견제출통지서,2021-04-26,kr_1020200005488__45__r1
kr_1020200007663,29-2-,Rejection_Inventiveness,1,의견제출통지서,2020-12-24,kr_1020200007663__29-2-__r1
kr_1020200007663,29-2-,Rejection_Inventiveness,2,거절결정서,2021-09-23,kr_1020200007663__29-2-__r2
kr_1020200012979,29-1-2,Rejection_Novelty,1,의견제출통지서,2020-03-06,kr_1020200012979__29-1-2__r1
kr_1020200012979,29-2-,Rejection_Inventiveness,1,의견제출통지서,2020-03-06,kr_1020200012979__29-2-__r1
kr_1020200012979,29-2-,Rejection_Inventiveness,2,거절결정서,2021-03-16,kr_1020200012979__29-2-__r2
kr_1020200013638,29-1-2,Rejection_Novelty,1,의견제출통지서,2021-05-18,kr_1020200013638__29-1-2__r1
kr_1020200013638,29-2-,Rejection_Inventiveness,1,의견제출통지서,2021-05-18,kr_1020200013638__29-2-__r1
kr_1020200013638,29-2-,Rejection_Inventiveness,2,거절결정서,2022-01-10,kr_1020200013638__29-2-__r2
kr_1020200020419,29-2-,Rejection_Inventiveness,1,의견제출통지서,2021-02-23,kr_1020200020419__29-2-__r1
kr_1020200020419,29-2-,Rejection_Inventiveness,2,거절결정서,2021-05-11,kr_1020200020419__29-2-__r2
kr_1020200020891,29-2-,Rejection_Inventiveness,1,의견제출통지서,2021-03-16,kr_1020200020891__29-2-__r1
kr_1020200020891,29-2-,Rejection_Inventiveness,2,거절결정서,2021-09-07,kr_1020200020891__29-2-__r2
kr_1020200023835,29-2-,Rejection_Inventiveness,1,의견제출통지서,2021-05-28,kr_1020200023835__29-2-__r1
kr_1020200023835,29-2-,Rejection_Inventiveness,2,의견제출통지서,2022-02-25,kr_1020200023835__29-2-__r2
kr_1020200023835,29-2-,Rejection_Inventiveness,3,거절결정서,2022-12-29,kr_1020200023835__29-2-__r3
kr_1020200028585,29-2-,Rejection_Inventiveness,1,의견제출통지서,2024-04-26,kr_1020200028585__29-2-__r1
kr_1020200028585,29-2-,Rejection_Inventiveness,2,거절결정서,2025-04-16,kr_1020200028585__29-2-__r2
kr_1020200033611,29-2-,Rejection_Inventiveness,1,의견제출통지서,2021-03-23,kr_1020200033611__29-2-__r1
kr_1020200033611,29-2-,Rejection_Inventiveness,2,거절결정서,2021-09-07,kr_1020200033611__29-2-__r2
kr_1020200033612,29-2-,Rejection_Inventiveness,1,의견제출통지서,2021-03-23,kr_1020200033612__29-2-__r1
kr_1020200033612,29-2-,Rejection_Inventiveness,2,의견제출통지서,2021-09-01,kr_1020200033612__29-2-__r2
kr_1020200036687,29-2-,Rejection_Inventiveness,1,의견제출통지서,2024-05-09,kr_1020200036687__29-2-__r1
kr_1020200036687,42-4-2,Rejection_ClaimRequirements,1,의견제출통지서,2024-05-09,kr_1020200036687__42-4-2__r1
kr_1020200042810,29-2-,Rejection_Inventiveness,1,의견제출통지서,2021-04-24,kr_1020200042810__29-2-__r1
kr_1020200042810,29-2-,Rejection_Inventiveness,2,거절결정서,2021-12-21,kr_1020200042810__29-2-__r2
kr_1020200042810,42-4-2,Rejection_ClaimRequirements,1,의견제출통지서,2021-04-24,kr_1020200042810__42-4-2__r1
kr_1020200042810,45,Rejection_UnityOfInvention,1,의견제출통지서,2021-04-24,kr_1020200042810__45__r1
kr_1020200056430,29-2-,Rejection_Inventiveness,1,의견제출통지서,2021-05-26,kr_1020200056430__29-2-__r1
kr_1020200056430,29-2-,Rejection_Inventiveness,2,거절결정서,2021-11-16,kr_1020200056430__29-2-__r2
kr_1020200056430,42-8-,Rejection_ClaimFormat,1,의견제출통지서,2021-05-26,kr_1020200056430__42-8-__r1
kr_1020200059438,29-1-2,Rejection_Novelty,1,의견제출통지서,2022-01-11,kr_1020200059438__29-1-2__r1
kr_1020200059438,29-2-,Rejection_Inventiveness,1,의견제출통지서,2022-01-11,kr_1020200059438__29-2-__r1
kr_1020200063952,29-2-,Rejection_Inventiveness,1,의견제출통지서,2024-12-11,kr_1020200063952__29-2-__r1
kr_1020200063952,29-2-,Rejection_Inventiveness,2,거절결정서,2025-08-27,kr_1020200063952__29-2-__r2
kr_1020200063952,42-4-2,Rejection_ClaimRequirements,1,의견제출통지서,2024-12-11,kr_1020200063952__42-4-2__r1
kr_1020200072226,29-2-,Rejection_Inventiveness,1,의견제출통지서,2024-08-16,kr_1020200072226__29-2-__r1
kr_1020200072226,29-2-,Rejection_Inventiveness,2,의견제출통지서,2025-05-26,kr_1020200072226__29-2-__r2
kr_1020200072888,29-2-,Rejection_Inventiveness,1,의견제출통지서,2025-04-17,kr_1020200072888__29-2-__r1
kr_1020200072888,42-4-2,Rejection_ClaimRequirements,1,의견제출통지서,2025-04-17,kr_1020200072888__42-4-2__r1
kr_1020200072888,42-8-,Rejection_ClaimFormat,1,의견제출통지서,2025-04-17,kr_1020200072888__42-8-__r1
kr_1020200102427,29-2-,Rejection_Inventiveness,1,의견제출통지서,2024-07-31,kr_1020200102427__29-2-__r1
kr_1020200102427,29-2-,Rejection_Inventiveness,2,거절결정서,2025-04-03,kr_1020200102427__29-2-__r2
kr_1020200104031,29-2-,Rejection_Inventiveness,1,의견제출통지서,2020-10-12,kr_1020200104031__29-2-__r1
kr_1020200104031,29-2-,Rejection_Inventiveness,2,거절결정서,2021-07-23,kr_1020200104031__29-2-__r2
kr_1020200108773,29-2-,Rejection_Inventiveness,1,의견제출통지서,2021-10-23,kr_1020200108773__29-2-__r1
kr_1020200108773,29-2-,Rejection_Inventiveness,2,의견제출통지서,2022-05-23,kr_1020200108773__29-2-__r2
kr_1020200108773,29-2-,Rejection_Inventiveness,3,거절결정서,2022-11-18,kr_1020200108773__29-2-__r3
kr_1020200108773,29-2-,Rejection_Inventiveness,4,의견제출통지서,2023-03-23,kr_1020200108773__29-2-__r4
kr_1020200112567,29-1-2,Rejection_Novelty,1,의견제출통지서,2024-01-19,kr_1020200112567__29-1-2__r1
kr_1020200112567,29-2-,Rejection_Inventiveness,1,의견제출통지서,2024-01-19,kr_1020200112567__29-2-__r1
kr_1020200120010,29-2-,Rejection_Inventiveness,1,의견제출통지서,2022-06-20,kr_1020200120010__29-2-__r1
kr_1020200120010,29-2-,Rejection_Inventiveness,2,거절결정서,2022-12-27,kr_1020200120010__29-2-__r2
kr_1020200128163,29-2-,Rejection_Inventiveness,1,의견제출통지서,2021-09-25,kr_1020200128163__29-2-__r1
kr_1020200128163,29-2-,Rejection_Inventiveness,2,의견제출통지서,2022-03-03,kr_1020200128163__29-2-__r2
kr_1020200137710,29-2-,Rejection_Inventiveness,1,의견제출통지서,2025-07-18,kr_1020200137710__29-2-__r1
kr_1020200137710,29-2-,Rejection_Inventiveness,2,거절결정서,2026-04-21,kr_1020200137710__29-2-__r2
kr_1020200139297,29-2-,Rejection_Inventiveness,1,의견제출통지서,2022-02-07,kr_1020200139297__29-2-__r1
kr_1020200139297,29-2-,Rejection_Inventiveness,2,거절결정서,2022-08-11,kr_1020200139297__29-2-__r2
kr_1020200139988,29-2-,Rejection_Inventiveness,1,의견제출통지서,2022-05-27,kr_1020200139988__29-2-__r1
kr_1020200139988,29-2-,Rejection_Inventiveness,2,거절결정서,2022-12-23,kr_1020200139988__29-2-__r2
kr_1020200151519,29-2-,Rejection_Inventiveness,1,의견제출통지서,2021-11-05,kr_1020200151519__29-2-__r1
kr_1020200151519,29-2-,Rejection_Inventiveness,2,거절결정서,2022-06-15,kr_1020200151519__29-2-__r2
kr_1020200157687,29-1-2,Rejection_Novelty,3,의견제출통지서,2022-03-02,kr_1020200157687__29-1-2__r3
kr_1020200157687,29-2-,Rejection_Inventiveness,1,의견제출통지서,2020-12-02,kr_1020200157687__29-2-__r1
kr_1020200157687,29-2-,Rejection_Inventiveness,2,거절결정서,2022-01-19,kr_1020200157687__29-2-__r2
kr_1020200157687,29-2-,Rejection_Inventiveness,3,의견제출통지서,2022-03-02,kr_1020200157687__29-2-__r3
kr_1020200161939,29-2-,Rejection_Inventiveness,1,의견제출통지서,2022-04-18,kr_1020200161939__29-2-__r1
kr_1020200161939,29-2-,Rejection_Inventiveness,2,거절결정서,2022-10-11,kr_1020200161939__29-2-__r2
kr_1020200161939,42-3-1,Rejection_Disclosure,1,의견제출통지서,2022-04-18,kr_1020200161939__42-3-1__r1
kr_1020200161939,42-3-1,Rejection_Disclosure,2,거절결정서,2022-10-11,kr_1020200161939__42-3-1__r2
kr_1020200168702,29-2-,Rejection_Inventiveness,1,의견제출통지서,2022-09-18,kr_1020200168702__29-2-__r1
kr_1020200168702,29-2-,Rejection_Inventiveness,2,거절결정서,2023-07-26,kr_1020200168702__29-2-__r2
kr_1020200171312,29-2-,Rejection_Inventiveness,1,의견제출통지서,2021-01-04,kr_1020200171312__29-2-__r1
kr_1020200171312,29-2-,Rejection_Inventiveness,2,거절결정서,2021-03-29,kr_1020200171312__29-2-__r2
kr_1020200172939,29-2-,Rejection_Inventiveness,1,의견제출통지서,2023-01-19,kr_1020200172939__29-2-__r1
kr_1020200172939,29-2-,Rejection_Inventiveness,2,의견제출통지서,2023-07-31,kr_1020200172939__29-2-__r2
kr_1020200172939,29-2-,Rejection_Inventiveness,3,거절결정서,2024-02-20,kr_1020200172939__29-2-__r3
kr_1020200177277,29-2-,Rejection_Inventiveness,1,의견제출통지서,2024-02-27,kr_1020200177277__29-2-__r1
kr_1020200178278,29-2-,Rejection_Inventiveness,1,의견제출통지서,2025-08-12,kr_1020200178278__29-2-__r1
kr_1020200178278,29-2-,Rejection_Inventiveness,2,거절결정서,2026-04-13,kr_1020200178278__29-2-__r2
kr_1020200178278,42-4-2,Rejection_ClaimRequirements,1,의견제출통지서,2025-08-12,kr_1020200178278__42-4-2__r1
kr_1020200178933,29-2-,Rejection_Inventiveness,1,의견제출통지서,2025-01-16,kr_1020200178933__29-2-__r1
kr_1020200178933,29-2-,Rejection_Inventiveness,2,거절결정서,2025-09-12,kr_1020200178933__29-2-__r2
kr_1020200181250,29-2-,Rejection_Inventiveness,1,의견제출통지서,2022-02-14,kr_1020200181250__29-2-__r1
kr_1020200181250,42-4-2,Rejection_ClaimRequirements,1,의견제출통지서,2022-02-14,kr_1020200181250__42-4-2__r1
kr_1020200184413,29-2-,Rejection_Inventiveness,1,의견제출통지서,2024-08-26,kr_1020200184413__29-2-__r1
kr_1020200184413,29-2-,Rejection_Inventiveness,2,거절결정서,2026-02-12,kr_1020200184413__29-2-__r2
kr_1020200184413,42-4-2,Rejection_ClaimRequirements,1,의견제출통지서,2024-08-26,kr_1020200184413__42-4-2__r1
kr_1020207004337,29-2-,Rejection_Inventiveness,2,의견제출통지서,2021-01-28,kr_1020207004337__29-2-__r2
kr_1020207004337,29-2-,Rejection_Inventiveness,3,거절결정서,2021-04-02,kr_1020207004337__29-2-__r3
kr_1020207004337,42-4-2,Rejection_ClaimRequirements,1,의견제출통지서,2020-04-01,kr_1020207004337__42-4-2__r1
kr_1020207008637,29-2-,Rejection_Inventiveness,1,의견제출통지서,2021-08-02,kr_1020207008637__29-2-__r1
kr_1020207009231,29-2-,Rejection_Inventiveness,1,의견제출통지서,2020-11-02,kr_1020207009231__29-2-__r1
kr_1020207009231,29-2-,Rejection_Inventiveness,2,거절결정서,2021-03-10,kr_1020207009231__29-2-__r2
kr_1020207009231,42-4-2,Rejection_ClaimRequirements,1,의견제출통지서,2020-11-02,kr_1020207009231__42-4-2__r1
kr_1020207019867,29-2-,Rejection_Inventiveness,1,의견제출통지서,2020-08-04,kr_1020207019867__29-2-__r1
kr_1020207019867,29-2-,Rejection_Inventiveness,2,의견제출통지서,2020-12-21,kr_1020207019867__29-2-__r2
kr_1020207019867,45,Rejection_UnityOfInvention,2,의견제출통지서,2020-12-21,kr_1020207019867__45__r2
kr_1020207020459,29-1-2,Rejection_Novelty,1,의견제출통지서,2021-12-27,kr_1020207020459__29-1-2__r1
kr_1020207020459,29-2-,Rejection_Inventiveness,1,의견제출통지서,2021-12-27,kr_1020207020459__29-2-__r1
kr_1020207020459,29-2-,Rejection_Inventiveness,2,거절결정서,2022-09-28,kr_1020207020459__29-2-__r2
kr_1020207025987,29-2-,Rejection_Inventiveness,1,의견제출통지서,2020-12-01,kr_1020207025987__29-2-__r1
kr_1020207025987,42-8-,Rejection_ClaimFormat,1,의견제출통지서,2020-12-01,kr_1020207025987__42-8-__r1
kr_1020207025987,45,Rejection_UnityOfInvention,1,의견제출통지서,2020-12-01,kr_1020207025987__45__r1
kr_1020207030080,29-2-,Rejection_Inventiveness,1,의견제출통지서,2022-05-25,kr_1020207030080__29-2-__r1
kr_1020207030080,29-2-,Rejection_Inventiveness,2,거절결정서,2022-12-26,kr_1020207030080__29-2-__r2
kr_1020207030080,42-4-2,Rejection_ClaimRequirements,1,의견제출통지서,2022-05-25,kr_1020207030080__42-4-2__r1
kr_1020207030483,29-1-2,Rejection_Novelty,1,의견제출통지서,2022-06-20,kr_1020207030483__29-1-2__r1
kr_1020207030483,29-2-,Rejection_Inventiveness,1,의견제출통지서,2022-06-20,kr_1020207030483__29-2-__r1
kr_1020207030483,29-2-,Rejection_Inventiveness,2,거절결정서,2023-01-25,kr_1020207030483__29-2-__r2
kr_1020207030483,42-4-2,Rejection_ClaimRequirements,1,의견제출통지서,2022-06-20,kr_1020207030483__42-4-2__r1
kr_1020207030483,42-8-,Rejection_ClaimFormat,1,의견제출통지서,2022-06-20,kr_1020207030483__42-8-__r1
kr_1020207031638,29-2-,Rejection_Inventiveness,1,의견제출통지서,2021-01-04,kr_1020207031638__29-2-__r1
kr_1020207031638,29-2-,Rejection_Inventiveness,2,거절결정서,2021-04-13,kr_1020207031638__29-2-__r2
kr_1020207031638,29-2-,Rejection_Inventiveness,3,의견제출통지서,2021-08-11,kr_1020207031638__29-2-__r3
kr_1020207031663,29-2-,Rejection_Inventiveness,1,의견제출통지서,2021-01-04,kr_1020207031663__29-2-__r1
kr_1020207031663,29-2-,Rejection_Inventiveness,2,거절결정서,2021-03-29,kr_1020207031663__29-2-__r2
kr_1020207031663,42-4-2,Rejection_ClaimRequirements,1,의견제출통지서,2021-01-04,kr_1020207031663__42-4-2__r1
kr_1020207032427,29-1-2,Rejection_Novelty,1,의견제출통지서,2023-10-17,kr_1020207032427__29-1-2__r1
kr_1020207032427,29-2-,Rejection_Inventiveness,1,의견제출통지서,2023-10-17,kr_1020207032427__29-2-__r1
kr_1020207032427,29-2-,Rejection_Inventiveness,2,거절결정서,2024-06-25,kr_1020207032427__29-2-__r2
kr_1020210014380,29-2-,Rejection_Inventiveness,1,의견제출통지서,2022-07-01,kr_1020210014380__29-2-__r1
kr_1020210014380,29-2-,Rejection_Inventiveness,2,거절결정서,2022-11-04,kr_1020210014380__29-2-__r2
kr_1020210014380,42-4-2,Rejection_ClaimRequirements,1,의견제출통지서,2022-07-01,kr_1020210014380__42-4-2__r1
kr_1020210014380,45,Rejection_UnityOfInvention,1,의견제출통지서,2022-07-01,kr_1020210014380__45__r1
kr_1020210014380,45,Rejection_UnityOfInvention,2,거절결정서,2022-11-04,kr_1020210014380__45__r2
kr_1020210016121,29-2-,Rejection_Inventiveness,1,의견제출통지서,2021-04-16,kr_1020210016121__29-2-__r1
kr_1020210016121,29-2-,Rejection_Inventiveness,2,거절결정서,2021-10-22,kr_1020210016121__29-2-__r2
kr_1020210016843,29-2-,Rejection_Inventiveness,1,의견제출통지서,2025-04-30,kr_1020210016843__29-2-__r1
kr_1020210016843,29-2-,Rejection_Inventiveness,2,거절결정서,2026-01-22,kr_1020210016843__29-2-__r2
kr_1020210025405,29-1-2,Rejection_Novelty,1,의견제출통지서,2023-01-24,kr_1020210025405__29-1-2__r1
kr_1020210025405,29-1-2,Rejection_Novelty,2,거절결정서,2023-07-25,kr_1020210025405__29-1-2__r2
kr_1020210025405,29-2-,Rejection_Inventiveness,1,의견제출통지서,2023-01-24,kr_1020210025405__29-2-__r1
kr_1020210025405,29-2-,Rejection_Inventiveness,2,거절결정서,2023-07-25,kr_1020210025405__29-2-__r2
kr_1020210025405,42-4-2,Rejection_ClaimRequirements,1,의견제출통지서,2023-01-24,kr_1020210025405__42-4-2__r1
kr_1020210027559,29-2-,Rejection_Inventiveness,1,의견제출통지서,2021-04-17,kr_1020210027559__29-2-__r1
kr_1020210027559,29-2-,Rejection_Inventiveness,3,거절결정서,2022-04-27,kr_1020210027559__29-2-__r3
kr_1020210027559,42-4-2,Rejection_ClaimRequirements,2,의견제출통지서,2021-10-13,kr_1020210027559__42-4-2__r2
kr_1020210027559,42-4-2,Rejection_ClaimRequirements,3,거절결정서,2022-04-27,kr_1020210027559__42-4-2__r3
kr_1020210032157,29-1-2,Rejection_Novelty,1,의견제출통지서,2022-12-12,kr_1020210032157__29-1-2__r1
kr_1020210032157,29-1-2,Rejection_Novelty,2,의견제출통지서,2022-12-14,kr_1020210032157__29-1-2__r2
kr_1020210032157,29-2-,Rejection_Inventiveness,1,의견제출통지서,2022-12-12,kr_1020210032157__29-2-__r1
kr_1020210032157,29-2-,Rejection_Inventiveness,2,의견제출통지서,2022-12-14,kr_1020210032157__29-2-__r2
kr_1020210032157,29-2-,Rejection_Inventiveness,3,거절결정서,2023-06-08,kr_1020210032157__29-2-__r3
kr_1020210036702,29-2-,Rejection_Inventiveness,1,의견제출통지서,2022-06-17,kr_1020210036702__29-2-__r1
kr_1020210036702,29-2-,Rejection_Inventiveness,2,거절결정서,2022-12-15,kr_1020210036702__29-2-__r2
kr_1020210036702,42-4-2,Rejection_ClaimRequirements,1,의견제출통지서,2022-06-17,kr_1020210036702__42-4-2__r1
kr_1020210047896,29-2-,Rejection_Inventiveness,1,의견제출통지서,2021-07-15,kr_1020210047896__29-2-__r1
kr_1020210047896,29-2-,Rejection_Inventiveness,2,의견제출통지서,2022-08-23,kr_1020210047896__29-2-__r2
kr_1020210052409,29-1-2,Rejection_Novelty,1,의견제출통지서,2023-06-13,kr_1020210052409__29-1-2__r1
kr_1020210052409,29-2-,Rejection_Inventiveness,1,의견제출통지서,2023-06-13,kr_1020210052409__29-2-__r1
kr_1020210052409,29-2-,Rejection_Inventiveness,2,거절결정서,2023-12-27,kr_1020210052409__29-2-__r2
kr_1020210052409,42-3-1,Rejection_Disclosure,1,의견제출통지서,2023-06-13,kr_1020210052409__42-3-1__r1
kr_1020210052409,42-4-2,Rejection_ClaimRequirements,1,의견제출통지서,2023-06-13,kr_1020210052409__42-4-2__r1
kr_1020210060607,29-2-,Rejection_Inventiveness,1,의견제출통지서,2023-03-20,kr_1020210060607__29-2-__r1
kr_1020210060607,29-2-,Rejection_Inventiveness,2,거절결정서,2023-08-25,kr_1020210060607__29-2-__r2
kr_1020210061196,29-2-,Rejection_Inventiveness,1,의견제출통지서,2023-06-05,kr_1020210061196__29-2-__r1
kr_1020210061196,42-4-1,Rejection_ClaimRequirements,1,의견제출통지서,2023-06-05,kr_1020210061196__42-4-1__r1
kr_1020210061355,29-1-2,Rejection_Novelty,1,의견제출통지서,2023-04-27,kr_1020210061355__29-1-2__r1
kr_1020210061355,29-2-,Rejection_Inventiveness,1,의견제출통지서,2023-04-27,kr_1020210061355__29-2-__r1
kr_1020210061355,29-2-,Rejection_Inventiveness,2,거절결정서,2023-11-07,kr_1020210061355__29-2-__r2
kr_1020210061355,29-2-,Rejection_Inventiveness,3,의견제출통지서,2024-03-20,kr_1020210061355__29-2-__r3
kr_1020210062496,29-2-,Rejection_Inventiveness,1,의견제출통지서,2021-06-16,kr_1020210062496__29-2-__r1
kr_1020210062496,29-2-,Rejection_Inventiveness,2,거절결정서,2021-11-11,kr_1020210062496__29-2-__r2
kr_1020210062496,29-2-,Rejection_Inventiveness,3,의견제출통지서,2021-12-22,kr_1020210062496__29-2-__r3
kr_1020210070651,29-2-,Rejection_Inventiveness,1,의견제출통지서,2022-05-31,kr_1020210070651__29-2-__r1
kr_1020210070651,42-4-2,Rejection_ClaimRequirements,1,의견제출통지서,2022-05-31,kr_1020210070651__42-4-2__r1
kr_1020210070764,29-2-,Rejection_Inventiveness,2,거절결정서,2024-08-22,kr_1020210070764__29-2-__r2
kr_1020210070764,42-4-2,Rejection_ClaimRequirements,1,의견제출통지서,2023-05-02,kr_1020210070764__42-4-2__r1
kr_1020210080570,29-1-2,Rejection_Novelty,1,의견제출통지서,2025-11-10,kr_1020210080570__29-1-2__r1
kr_1020210080570,29-2-,Rejection_Inventiveness,1,의견제출통지서,2025-11-10,kr_1020210080570__29-2-__r1
kr_1020210083421,29-2-,Rejection_Inventiveness,1,의견제출통지서,2022-06-30,kr_1020210083421__29-2-__r1
kr_1020210083421,29-2-,Rejection_Inventiveness,2,거절결정서,2023-07-31,kr_1020210083421__29-2-__r2
kr_1020210083421,42-4-2,Rejection_ClaimRequirements,1,의견제출통지서,2022-06-30,kr_1020210083421__42-4-2__r1
kr_1020210088952,29-2-,Rejection_Inventiveness,1,의견제출통지서,2023-11-27,kr_1020210088952__29-2-__r1
kr_1020210088952,29-2-,Rejection_Inventiveness,2,거절결정서,2024-07-09,kr_1020210088952__29-2-__r2
kr_1020210093185,29-1-2,Rejection_Novelty,1,의견제출통지서,2023-09-14,kr_1020210093185__29-1-2__r1
kr_1020210093185,29-2-,Rejection_Inventiveness,1,의견제출통지서,2023-09-14,kr_1020210093185__29-2-__r1
kr_1020210093636,29-2-,Rejection_Inventiveness,1,의견제출통지서,2023-12-27,kr_1020210093636__29-2-__r1
kr_1020210093636,29-2-,Rejection_Inventiveness,2,거절결정서,2024-04-03,kr_1020210093636__29-2-__r2
kr_1020210093636,42-4-2,Rejection_ClaimRequirements,1,의견제출통지서,2023-12-27,kr_1020210093636__42-4-2__r1
kr_1020210095718,29-1-2,Rejection_Novelty,1,의견제출통지서,2023-05-15,kr_1020210095718__29-1-2__r1
kr_1020210095718,29-2-,Rejection_Inventiveness,1,의견제출통지서,2023-05-15,kr_1020210095718__29-2-__r1
kr_1020210095718,29-2-,Rejection_Inventiveness,2,거절결정서,2023-11-22,kr_1020210095718__29-2-__r2
kr_1020210095844,29-1-2,Rejection_Novelty,1,의견제출통지서,2023-05-16,kr_1020210095844__29-1-2__r1
kr_1020210095844,29-2-,Rejection_Inventiveness,1,의견제출통지서,2023-05-16,kr_1020210095844__29-2-__r1
kr_1020210095844,29-2-,Rejection_Inventiveness,2,거절결정서,2023-11-23,kr_1020210095844__29-2-__r2
kr_1020210107301,29-2-,Rejection_Inventiveness,1,의견제출통지서,2023-07-15,kr_1020210107301__29-2-__r1
kr_1020210107301,29-2-,Rejection_Inventiveness,2,거절결정서,2024-04-22,kr_1020210107301__29-2-__r2
kr_1020210110925,29-2-,Rejection_Inventiveness,1,의견제출통지서,2021-11-24,kr_1020210110925__29-2-__r1
kr_1020210110925,29-2-,Rejection_Inventiveness,2,거절결정서,2022-05-12,kr_1020210110925__29-2-__r2
kr_1020210110925,42-4-1,Rejection_ClaimRequirements,1,의견제출통지서,2021-11-24,kr_1020210110925__42-4-1__r1
kr_1020210110925,42-4-1,Rejection_ClaimRequirements,2,거절결정서,2022-05-12,kr_1020210110925__42-4-1__r2
kr_1020210110925,42-4-2,Rejection_ClaimRequirements,1,의견제출통지서,2021-11-24,kr_1020210110925__42-4-2__r1
kr_1020210110925,42-4-2,Rejection_ClaimRequirements,2,거절결정서,2022-05-12,kr_1020210110925__42-4-2__r2
kr_1020210110925,52-1-,Rejection_DivisionalScope,1,의견제출통지서,2021-11-24,kr_1020210110925__52-1-__r1
kr_1020210110925,52-1-,Rejection_DivisionalScope,2,거절결정서,2022-05-12,kr_1020210110925__52-1-__r2
kr_1020210116713,29-1-2,Rejection_Novelty,1,의견제출통지서,2023-05-07,kr_1020210116713__29-1-2__r1
kr_1020210116713,29-2-,Rejection_Inventiveness,1,의견제출통지서,2023-05-07,kr_1020210116713__29-2-__r1
kr_1020210116713,29-2-,Rejection_Inventiveness,2,거절결정서,2023-11-23,kr_1020210116713__29-2-__r2
kr_1020210116713,42-4-2,Rejection_ClaimRequirements,1,의견제출통지서,2023-05-07,kr_1020210116713__42-4-2__r1
kr_1020210116713,45,Rejection_UnityOfInvention,1,의견제출통지서,2023-05-07,kr_1020210116713__45__r1
kr_1020210119619,29-1-2,Rejection_Novelty,1,의견제출통지서,2023-04-07,kr_1020210119619__29-1-2__r1
kr_1020210119619,29-2-,Rejection_Inventiveness,1,의견제출통지서,2023-04-07,kr_1020210119619__29-2-__r1
kr_1020210119619,29-2-,Rejection_Inventiveness,2,거절결정서,2024-02-15,kr_1020210119619__29-2-__r2
kr_1020210119619,42-4-2,Rejection_ClaimRequirements,1,의견제출통지서,2023-04-07,kr_1020210119619__42-4-2__r1
kr_1020210130288,29-2-,Rejection_Inventiveness,1,의견제출통지서,2025-06-05,kr_1020210130288__29-2-__r1
kr_1020210130288,29-2-,Rejection_Inventiveness,2,거절결정서,2026-02-23,kr_1020210130288__29-2-__r2
kr_1020210130288,42-3-2,Rejection_Disclosure,1,의견제출통지서,2025-06-05,kr_1020210130288__42-3-2__r1
kr_1020210130288,42-4-2,Rejection_ClaimRequirements,1,의견제출통지서,2025-06-05,kr_1020210130288__42-4-2__r1
kr_1020210133766,29-2-,Rejection_Inventiveness,1,의견제출통지서,2023-07-10,kr_1020210133766__29-2-__r1
kr_1020210133766,29-2-,Rejection_Inventiveness,3,의견제출통지서,2024-09-25,kr_1020210133766__29-2-__r3
kr_1020210133766,29-2-,Rejection_Inventiveness,4,거절결정서,2025-03-26,kr_1020210133766__29-2-__r4
kr_1020210133766,42-4-2,Rejection_ClaimRequirements,2,의견제출통지서,2024-01-29,kr_1020210133766__42-4-2__r2
kr_1020210133766,47-2-,Rejection_AmendmentScope,2,의견제출통지서,2024-01-29,kr_1020210133766__47-2-__r2
kr_1020210138966,29-2-,Rejection_Inventiveness,1,의견제출통지서,2025-07-15,kr_1020210138966__29-2-__r1
kr_1020210138966,29-2-,Rejection_Inventiveness,2,거절결정서,2026-02-06,kr_1020210138966__29-2-__r2
kr_1020210140518,29-2-,Rejection_Inventiveness,1,의견제출통지서,2025-07-02,kr_1020210140518__29-2-__r1
kr_1020210140518,29-2-,Rejection_Inventiveness,2,거절결정서,2026-02-12,kr_1020210140518__29-2-__r2
kr_1020210140518,42-4-2,Rejection_ClaimRequirements,1,의견제출통지서,2025-07-02,kr_1020210140518__42-4-2__r1
kr_1020210143248,29-2-,Rejection_Inventiveness,1,의견제출통지서,2023-02-24,kr_1020210143248__29-2-__r1
kr_1020210143248,42-4-2,Rejection_ClaimRequirements,1,의견제출통지서,2023-02-24,kr_1020210143248__42-4-2__r1
kr_1020210146505,29-2-,Rejection_Inventiveness,1,의견제출통지서,2025-06-30,kr_1020210146505__29-2-__r1
kr_1020210147975,29-2-,Rejection_Inventiveness,1,의견제출통지서,2025-02-03,kr_1020210147975__29-2-__r1
kr_1020210147975,29-2-,Rejection_Inventiveness,2,거절결정서,2025-10-23,kr_1020210147975__29-2-__r2
kr_1020210152113,29-2-,Rejection_Inventiveness,1,의견제출통지서,2025-07-15,kr_1020210152113__29-2-__r1
kr_1020210152113,29-2-,Rejection_Inventiveness,2,거절결정서,2026-02-23,kr_1020210152113__29-2-__r2
kr_1020210155157,29-1-2,Rejection_Novelty,1,의견제출통지서,2025-07-28,kr_1020210155157__29-1-2__r1
kr_1020210155157,29-2-,Rejection_Inventiveness,1,의견제출통지서,2025-07-28,kr_1020210155157__29-2-__r1
kr_1020210155157,29-2-,Rejection_Inventiveness,2,거절결정서,2026-03-13,kr_1020210155157__29-2-__r2
kr_1020210155157,42-4-2,Rejection_ClaimRequirements,1,의견제출통지서,2025-07-28,kr_1020210155157__42-4-2__r1
kr_1020210161493,29-2-,Rejection_Inventiveness,1,의견제출통지서,2025-07-30,kr_1020210161493__29-2-__r1
kr_1020210161493,29-2-,Rejection_Inventiveness,2,거절결정서,2026-03-20,kr_1020210161493__29-2-__r2
kr_1020210161493,42-3-1,Rejection_Disclosure,1,의견제출통지서,2025-07-30,kr_1020210161493__42-3-1__r1
kr_1020210161493,42-4-2,Rejection_ClaimRequirements,1,의견제출통지서,2025-07-30,kr_1020210161493__42-4-2__r1
kr_1020210165398,29-1-2,Rejection_Novelty,1,의견제출통지서,2024-03-15,kr_1020210165398__29-1-2__r1
kr_1020210165398,29-2-,Rejection_Inventiveness,1,의견제출통지서,2024-03-15,kr_1020210165398__29-2-__r1
kr_1020210165398,29-2-,Rejection_Inventiveness,2,거절결정서,2024-11-05,kr_1020210165398__29-2-__r2
kr_1020210177792,29-2-,Rejection_Inventiveness,1,의견제출통지서,2023-11-06,kr_1020210177792__29-2-__r1
kr_1020210182856,29-2-,Rejection_Inventiveness,1,의견제출통지서,2025-01-21,kr_1020210182856__29-2-__r1
kr_1020210182856,42-4-2,Rejection_ClaimRequirements,1,의견제출통지서,2025-01-21,kr_1020210182856__42-4-2__r1
kr_1020210184131,29-1-2,Rejection_Novelty,1,의견제출통지서,2025-05-22,kr_1020210184131__29-1-2__r1
kr_1020210184131,29-2-,Rejection_Inventiveness,1,의견제출통지서,2025-05-22,kr_1020210184131__29-2-__r1
kr_1020210184131,29-2-,Rejection_Inventiveness,2,거절결정서,2026-02-24,kr_1020210184131__29-2-__r2
kr_1020210184131,42-4-2,Rejection_ClaimRequirements,1,의견제출통지서,2025-05-22,kr_1020210184131__42-4-2__r1
kr_1020210185330,29-1-2,Rejection_Novelty,1,의견제출통지서,2024-02-20,kr_1020210185330__29-1-2__r1
kr_1020210185330,29-2-,Rejection_Inventiveness,1,의견제출통지서,2024-02-20,kr_1020210185330__29-2-__r1
kr_1020210185330,29-2-,Rejection_Inventiveness,2,의견제출통지서,2024-10-16,kr_1020210185330__29-2-__r2
kr_1020210185330,29-2-,Rejection_Inventiveness,3,의견제출통지서,2025-06-27,kr_1020210185330__29-2-__r3
kr_1020210185330,29-2-,Rejection_Inventiveness,4,거절결정서,,kr_1020210185330__29-2-__r4
kr_1020210185331,29-1-2,Rejection_Novelty,1,의견제출통지서,2024-02-20,kr_1020210185331__29-1-2__r1
kr_1020210185331,29-2-,Rejection_Inventiveness,1,의견제출통지서,2024-02-20,kr_1020210185331__29-2-__r1
kr_1020210185331,29-2-,Rejection_Inventiveness,2,의견제출통지서,2024-10-16,kr_1020210185331__29-2-__r2
kr_1020210185331,29-2-,Rejection_Inventiveness,3,거절결정서,2025-06-25,kr_1020210185331__29-2-__r3
kr_1020210189544,29-2-,Rejection_Inventiveness,1,의견제출통지서,2024-02-08,kr_1020210189544__29-2-__r1
kr_1020210189544,29-2-,Rejection_Inventiveness,2,의견제출통지서,2025-02-26,kr_1020210189544__29-2-__r2
kr_1020210189544,29-2-,Rejection_Inventiveness,3,거절결정서,2026-03-26,kr_1020210189544__29-2-__r3
kr_1020210191944,29-3-,Rejection_ExpandedPriorFiling,1,의견제출통지서,2024-05-01,kr_1020210191944__29-3-__r1
kr_1020210191944,42-4-2,Rejection_ClaimRequirements,1,의견제출통지서,2024-05-01,kr_1020210191944__42-4-2__r1
kr_1020217000822,42-4-2,Rejection_ClaimRequirements,1,의견제출통지서,2021-03-02,kr_1020217000822__42-4-2__r1
kr_1020217001907,29-1-2,Rejection_Novelty,1,의견제출통지서,2022-10-05,kr_1020217001907__29-1-2__r1
kr_1020217001907,29-2-,Rejection_Inventiveness,1,의견제출통지서,2022-10-05,kr_1020217001907__29-2-__r1
kr_1020217001907,29-2-,Rejection_Inventiveness,2,거절결정서,2023-04-28,kr_1020217001907__29-2-__r2
kr_1020217001907,42-4-2,Rejection_ClaimRequirements,1,의견제출통지서,2022-10-05,kr_1020217001907__42-4-2__r1
kr_1020217006655,29-2-,Rejection_Inventiveness,1,의견제출통지서,2024-08-21,kr_1020217006655__29-2-__r1
kr_1020217007469,29-1-2,Rejection_Novelty,1,의견제출통지서,2022-06-16,kr_1020217007469__29-1-2__r1
kr_1020217007469,29-2-,Rejection_Inventiveness,1,의견제출통지서,2022-06-16,kr_1020217007469__29-2-__r1
kr_1020217007469,42-4-2,Rejection_ClaimRequirements,1,의견제출통지서,2022-06-16,kr_1020217007469__42-4-2__r1
kr_1020217008043,29-1-2,Rejection_Novelty,1,의견제출통지서,2022-06-23,kr_1020217008043__29-1-2__r1
kr_1020217008043,29-2-,Rejection_Inventiveness,1,의견제출통지서,2022-06-23,kr_1020217008043__29-2-__r1
kr_1020217008043,42-4-2,Rejection_ClaimRequirements,1,의견제출통지서,2022-06-23,kr_1020217008043__42-4-2__r1
kr_1020217010871,29-2-,Rejection_Inventiveness,1,의견제출통지서,2022-12-20,kr_1020217010871__29-2-__r1
kr_1020217010871,29-2-,Rejection_Inventiveness,2,거절결정서,2023-06-08,kr_1020217010871__29-2-__r2
kr_1020217010871,42-4-2,Rejection_ClaimRequirements,1,의견제출통지서,2022-12-20,kr_1020217010871__42-4-2__r1
kr_1020217013598,29-2-,Rejection_Inventiveness,1,의견제출통지서,2022-10-01,kr_1020217013598__29-2-__r1
kr_1020217013598,29-2-,Rejection_Inventiveness,2,거절결정서,2024-01-19,kr_1020217013598__29-2-__r2
kr_1020217013598,42-3-1,Rejection_Disclosure,1,의견제출통지서,2022-10-01,kr_1020217013598__42-3-1__r1
kr_1020217016227,29-2-,Rejection_Inventiveness,1,의견제출통지서,2021-09-15,kr_1020217016227__29-2-__r1
kr_1020217016227,29-2-,Rejection_Inventiveness,2,거절결정서,2022-06-03,kr_1020217016227__29-2-__r2
kr_1020217016227,36-2-,Rejection_SameDayFiling,1,의견제출통지서,2021-09-15,kr_1020217016227__36-2-__r1
kr_1020217016432,29-1-2,Rejection_Novelty,1,의견제출통지서,2023-03-24,kr_1020217016432__29-1-2__r1
kr_1020217016432,29-2-,Rejection_Inventiveness,1,의견제출통지서,2023-03-24,kr_1020217016432__29-2-__r1
kr_1020217016432,29-2-,Rejection_Inventiveness,2,거절결정서,2023-09-23,kr_1020217016432__29-2-__r2
kr_1020217018197,29-2-,Rejection_Inventiveness,1,의견제출통지서,2022-07-04,kr_1020217018197__29-2-__r1
kr_1020217018197,29-2-,Rejection_Inventiveness,2,거절결정서,2023-01-12,kr_1020217018197__29-2-__r2
kr_1020217018197,42-4-2,Rejection_ClaimRequirements,1,의견제출통지서,2022-07-04,kr_1020217018197__42-4-2__r1
kr_1020217018197,45,Rejection_UnityOfInvention,1,의견제출통지서,2022-07-04,kr_1020217018197__45__r1
kr_1020217018197,45,Rejection_UnityOfInvention,2,거절결정서,2023-01-12,kr_1020217018197__45__r2
kr_1020217020635,29-2-,Rejection_Inventiveness,1,의견제출통지서,2025-03-07,kr_1020217020635__29-2-__r1
kr_1020217020635,42-4-2,Rejection_ClaimRequirements,1,의견제출통지서,2025-03-07,kr_1020217020635__42-4-2__r1
kr_1020217028896,29-2-,Rejection_Inventiveness,1,의견제출통지서,2025-02-05,kr_1020217028896__29-2-__r1
kr_1020217028896,29-2-,Rejection_Inventiveness,2,거절결정서,2026-02-24,kr_1020217028896__29-2-__r2
kr_1020217028896,42-4-2,Rejection_ClaimRequirements,1,의견제출통지서,2025-02-05,kr_1020217028896__42-4-2__r1
kr_1020217039099,29-1-2,Rejection_Novelty,1,의견제출통지서,2025-02-06,kr_1020217039099__29-1-2__r1
kr_1020217039099,29-2-,Rejection_Inventiveness,1,의견제출통지서,2025-02-06,kr_1020217039099__29-2-__r1
kr_1020220000603,29-2-,Rejection_Inventiveness,1,의견제출통지서,2025-06-27,kr_1020220000603__29-2-__r1
kr_1020220000603,29-2-,Rejection_Inventiveness,2,거절결정서,2026-02-13,kr_1020220000603__29-2-__r2
kr_1020220000603,42-3-2,Rejection_Disclosure,1,의견제출통지서,2025-06-27,kr_1020220000603__42-3-2__r1
kr_1020220007101,29-2-,Rejection_Inventiveness,1,의견제출통지서,2022-12-23,kr_1020220007101__29-2-__r1
kr_1020220007101,29-2-,Rejection_Inventiveness,2,거절결정서,2024-04-19,kr_1020220007101__29-2-__r2
kr_1020220016306,29-1-2,Rejection_Novelty,1,의견제출통지서,2024-03-14,kr_1020220016306__29-1-2__r1
kr_1020220016306,29-2-,Rejection_Inventiveness,1,의견제출통지서,2024-03-14,kr_1020220016306__29-2-__r1
kr_1020220016306,29-2-,Rejection_Inventiveness,2,거절결정서,2024-11-14,kr_1020220016306__29-2-__r2
kr_1020220022728,29-1-2,Rejection_Novelty,1,의견제출통지서,2024-12-17,kr_1020220022728__29-1-2__r1
kr_1020220022728,29-2-,Rejection_Inventiveness,1,의견제출통지서,2024-12-17,kr_1020220022728__29-2-__r1
kr_1020220022728,29-2-,Rejection_Inventiveness,2,거절결정서,2025-06-27,kr_1020220022728__29-2-__r2
kr_1020220022728,42-4-2,Rejection_ClaimRequirements,1,의견제출통지서,2024-12-17,kr_1020220022728__42-4-2__r1
kr_1020220028713,29-2-,Rejection_Inventiveness,1,의견제출통지서,2024-01-08,kr_1020220028713__29-2-__r1
kr_1020220028713,29-2-,Rejection_Inventiveness,2,거절결정서,2024-09-06,kr_1020220028713__29-2-__r2
kr_1020220028713,42-4-2,Rejection_ClaimRequirements,1,의견제출통지서,2024-01-08,kr_1020220028713__42-4-2__r1
kr_1020220028713,45,Rejection_UnityOfInvention,1,의견제출통지서,2024-01-08,kr_1020220028713__45__r1
kr_1020220029544,29-2-,Rejection_Inventiveness,1,의견제출통지서,2022-03-17,kr_1020220029544__29-2-__r1
kr_1020220029544,29-2-,Rejection_Inventiveness,2,거절결정서,2023-03-28,kr_1020220029544__29-2-__r2
kr_1020220029544,42-4-2,Rejection_ClaimRequirements,1,의견제출통지서,2022-03-17,kr_1020220029544__42-4-2__r1
kr_1020220032801,29-2-,Rejection_Inventiveness,1,의견제출통지서,2022-07-20,kr_1020220032801__29-2-__r1
kr_1020220032801,29-2-,Rejection_Inventiveness,2,거절결정서,2023-01-29,kr_1020220032801__29-2-__r2
kr_1020220035211,29-2-,Rejection_Inventiveness,1,의견제출통지서,2025-09-05,kr_1020220035211__29-2-__r1
kr_1020220035211,29-2-,Rejection_Inventiveness,2,거절결정서,2026-03-20,kr_1020220035211__29-2-__r2
kr_1020220040228,29-2-,Rejection_Inventiveness,1,의견제출통지서,2025-09-05,kr_1020220040228__29-2-__r1
kr_1020220040228,29-2-,Rejection_Inventiveness,2,거절결정서,2026-03-03,kr_1020220040228__29-2-__r2
kr_1020220040228,42-3-2,Rejection_Disclosure,1,의견제출통지서,2025-09-05,kr_1020220040228__42-3-2__r1
kr_1020220040319,29-2-,Rejection_Inventiveness,1,의견제출통지서,2025-06-16,kr_1020220040319__29-2-__r1
kr_1020220049545,29-2-,Rejection_Inventiveness,1,의견제출통지서,2024-03-26,kr_1020220049545__29-2-__r1
kr_1020220049545,29-2-,Rejection_Inventiveness,2,거절결정서,2025-09-25,kr_1020220049545__29-2-__r2
kr_1020220051409,29-1-2,Rejection_Novelty,1,의견제출통지서,2022-12-19,kr_1020220051409__29-1-2__r1
kr_1020220051409,29-2-,Rejection_Inventiveness,1,의견제출통지서,2022-12-19,kr_1020220051409__29-2-__r1
kr_1020220051409,29-2-,Rejection_Inventiveness,2,거절결정서,2023-06-21,kr_1020220051409__29-2-__r2
kr_1020220051409,42-4-2,Rejection_ClaimRequirements,1,의견제출통지서,2022-12-19,kr_1020220051409__42-4-2__r1
kr_1020220054432,29-2-,Rejection_Inventiveness,1,의견제출통지서,2023-11-01,kr_1020220054432__29-2-__r1
kr_1020220054432,29-2-,Rejection_Inventiveness,2,거절결정서,2024-06-25,kr_1020220054432__29-2-__r2
kr_1020220054432,42-4-2,Rejection_ClaimRequirements,1,의견제출통지서,2023-11-01,kr_1020220054432__42-4-2__r1
kr_1020220054432,42-8-,Rejection_ClaimFormat,1,의견제출통지서,2023-11-01,kr_1020220054432__42-8-__r1
kr_1020220058952,29-2-,Rejection_Inventiveness,1,의견제출통지서,2024-01-02,kr_1020220058952__29-2-__r1
kr_1020220058952,42-3-2,Rejection_Disclosure,1,의견제출통지서,2024-01-02,kr_1020220058952__42-3-2__r1
kr_1020220058952,42-4-2,Rejection_ClaimRequirements,1,의견제출통지서,2024-01-02,kr_1020220058952__42-4-2__r1
kr_1020220064047,29-2-,Rejection_Inventiveness,1,의견제출통지서,2024-05-28,kr_1020220064047__29-2-__r1
kr_1020220064047,29-2-,Rejection_Inventiveness,2,의견제출통지서,2025-01-14,kr_1020220064047__29-2-__r2
kr_1020220064047,29-2-,Rejection_Inventiveness,3,거절결정서,2025-09-09,kr_1020220064047__29-2-__r3
kr_1020220064047,45,Rejection_UnityOfInvention,1,의견제출통지서,2024-05-28,kr_1020220064047__45__r1
kr_1020220068598,29-2-,Rejection_Inventiveness,1,의견제출통지서,2024-07-29,kr_1020220068598__29-2-__r1
kr_1020220070200,29-2-,Rejection_Inventiveness,1,의견제출통지서,2024-09-13,kr_1020220070200__29-2-__r1
kr_1020220070200,29-2-,Rejection_Inventiveness,2,거절결정서,2025-05-28,kr_1020220070200__29-2-__r2
kr_1020220070973,29-2-,Rejection_Inventiveness,1,의견제출통지서,2024-03-11,kr_1020220070973__29-2-__r1
kr_1020220070973,29-2-,Rejection_Inventiveness,2,거절결정서,2024-12-26,kr_1020220070973__29-2-__r2
kr_1020220071830,29-1-2,Rejection_Novelty,1,의견제출통지서,2022-10-06,kr_1020220071830__29-1-2__r1
kr_1020220071830,29-2-,Rejection_Inventiveness,1,의견제출통지서,2022-10-06,kr_1020220071830__29-2-__r1
kr_1020220071830,29-2-,Rejection_Inventiveness,2,의견제출통지서,2023-02-18,kr_1020220071830__29-2-__r2
kr_1020220071830,45,Rejection_UnityOfInvention,1,의견제출통지서,2022-10-06,kr_1020220071830__45__r1
kr_1020220078082,29-1-2,Rejection_Novelty,1,의견제출통지서,2024-12-19,kr_1020220078082__29-1-2__r1
kr_1020220078082,29-2-,Rejection_Inventiveness,1,의견제출통지서,2024-12-19,kr_1020220078082__29-2-__r1
kr_1020220078082,29-2-,Rejection_Inventiveness,2,거절결정서,2025-06-27,kr_1020220078082__29-2-__r2
kr_1020220081522,29-2-,Rejection_Inventiveness,1,의견제출통지서,2023-03-16,kr_1020220081522__29-2-__r1
kr_1020220081522,29-2-,Rejection_Inventiveness,2,거절결정서,2023-10-11,kr_1020220081522__29-2-__r2
kr_1020220082912,29-2-,Rejection_Inventiveness,1,의견제출통지서,2024-09-27,kr_1020220082912__29-2-__r1
kr_1020220082912,29-2-,Rejection_Inventiveness,2,거절결정서,2025-05-28,kr_1020220082912__29-2-__r2
kr_1020220088448,29-2-,Rejection_Inventiveness,1,의견제출통지서,2022-08-22,kr_1020220088448__29-2-__r1
kr_1020220088448,29-2-,Rejection_Inventiveness,2,거절결정서,2022-12-23,kr_1020220088448__29-2-__r2
kr_1020220088487,29-1-2,Rejection_Novelty,1,의견제출통지서,2024-02-02,kr_1020220088487__29-1-2__r1
kr_1020220088487,29-2-,Rejection_Inventiveness,1,의견제출통지서,2024-02-02,kr_1020220088487__29-2-__r1
kr_1020220088487,29-2-,Rejection_Inventiveness,2,거절결정서,2024-10-07,kr_1020220088487__29-2-__r2
kr_1020220090397,29-2-,Rejection_Inventiveness,1,의견제출통지서,2024-01-11,kr_1020220090397__29-2-__r1
kr_1020220090397,29-2-,Rejection_Inventiveness,2,거절결정서,2024-06-28,kr_1020220090397__29-2-__r2
kr_1020220093814,29-2-,Rejection_Inventiveness,1,의견제출통지서,2023-10-23,kr_1020220093814__29-2-__r1
kr_1020220093814,29-2-,Rejection_Inventiveness,2,거절결정서,2024-03-26,kr_1020220093814__29-2-__r2
kr_1020220094842,29-1-2,Rejection_Novelty,1,의견제출통지서,2025-01-14,kr_1020220094842__29-1-2__r1
kr_1020220094842,29-2-,Rejection_Inventiveness,1,의견제출통지서,2025-01-14,kr_1020220094842__29-2-__r1
kr_1020220096718,29-2-,Rejection_Inventiveness,1,의견제출통지서,2022-10-18,kr_1020220096718__29-2-__r1
kr_1020220096718,29-2-,Rejection_Inventiveness,2,거절결정서,2023-04-03,kr_1020220096718__29-2-__r2
kr_1020220102892,29-2-,Rejection_Inventiveness,1,의견제출통지서,2024-01-15,kr_1020220102892__29-2-__r1
kr_1020220102892,29-2-,Rejection_Inventiveness,2,거절결정서,2024-09-20,kr_1020220102892__29-2-__r2
kr_1020220105089,29-2-,Rejection_Inventiveness,1,의견제출통지서,2024-06-21,kr_1020220105089__29-2-__r1
kr_1020220105089,29-2-,Rejection_Inventiveness,2,거절결정서,2025-02-25,kr_1020220105089__29-2-__r2
kr_1020220105089,42-4-1,Rejection_ClaimRequirements,1,의견제출통지서,2024-06-21,kr_1020220105089__42-4-1__r1
kr_1020220105089,42-4-2,Rejection_ClaimRequirements,1,의견제출통지서,2024-06-21,kr_1020220105089__42-4-2__r1
kr_1020220108141,29-1-2,Rejection_Novelty,1,의견제출통지서,2024-08-27,kr_1020220108141__29-1-2__r1
kr_1020220108141,29-2-,Rejection_Inventiveness,1,의견제출통지서,2024-08-27,kr_1020220108141__29-2-__r1
kr_1020220108141,29-2-,Rejection_Inventiveness,2,거절결정서,2025-04-16,kr_1020220108141__29-2-__r2
kr_1020220108217,29-2-,Rejection_Inventiveness,1,의견제출통지서,2024-03-12,kr_1020220108217__29-2-__r1
kr_1020220108217,29-2-,Rejection_Inventiveness,2,거절결정서,2024-11-19,kr_1020220108217__29-2-__r2
kr_1020220109139,29-2-,Rejection_Inventiveness,1,의견제출통지서,2022-09-20,kr_1020220109139__29-2-__r1
kr_1020220109139,29-2-,Rejection_Inventiveness,2,거절결정서,2023-03-30,kr_1020220109139__29-2-__r2
kr_1020220116516,29-1-2,Rejection_Novelty,1,의견제출통지서,2023-05-11,kr_1020220116516__29-1-2__r1
kr_1020220116516,29-2-,Rejection_Inventiveness,1,의견제출통지서,2023-05-11,kr_1020220116516__29-2-__r1
kr_1020220124154,29-2-,Rejection_Inventiveness,1,의견제출통지서,2024-08-29,kr_1020220124154__29-2-__r1
kr_1020220125423,29-2-,Rejection_Inventiveness,1,의견제출통지서,2023-01-06,kr_1020220125423__29-2-__r1
kr_1020220125423,29-2-,Rejection_Inventiveness,2,거절결정서,2024-03-22,kr_1020220125423__29-2-__r2
kr_1020220125423,42-4-2,Rejection_ClaimRequirements,1,의견제출통지서,2023-01-06,kr_1020220125423__42-4-2__r1
kr_1020220126988,29-2-,Rejection_Inventiveness,1,의견제출통지서,2024-02-21,kr_1020220126988__29-2-__r1
kr_1020220126988,29-2-,Rejection_Inventiveness,2,거절결정서,2024-11-28,kr_1020220126988__29-2-__r2
kr_1020220127403,29-2-,Rejection_Inventiveness,1,의견제출통지서,2024-08-29,kr_1020220127403__29-2-__r1
kr_1020220127403,29-2-,Rejection_Inventiveness,2,거절결정서,2025-02-26,kr_1020220127403__29-2-__r2
kr_1020220127403,42-4-2,Rejection_ClaimRequirements,1,의견제출통지서,2024-08-29,kr_1020220127403__42-4-2__r1
kr_1020220129293,29-1-2,Rejection_Novelty,1,의견제출통지서,2024-09-10,kr_1020220129293__29-1-2__r1
kr_1020220129293,29-2-,Rejection_Inventiveness,1,의견제출통지서,2024-09-10,kr_1020220129293__29-2-__r1
kr_1020220129293,29-2-,Rejection_Inventiveness,2,거절결정서,2025-05-22,kr_1020220129293__29-2-__r2
kr_1020220129293,42-8-,Rejection_ClaimFormat,1,의견제출통지서,2024-09-10,kr_1020220129293__42-8-__r1
kr_1020220132224,29-2-,Rejection_Inventiveness,1,의견제출통지서,2024-07-10,kr_1020220132224__29-2-__r1
kr_1020220132224,29-2-,Rejection_Inventiveness,2,의견제출통지서,2025-01-23,kr_1020220132224__29-2-__r2
kr_1020220132224,29-2-,Rejection_Inventiveness,3,거절결정서,2025-07-03,kr_1020220132224__29-2-__r3
kr_1020220136797,29-2-,Rejection_Inventiveness,1,의견제출통지서,2024-08-21,kr_1020220136797__29-2-__r1
kr_1020220138139,29-1-2,Rejection_Novelty,1,의견제출통지서,2024-07-10,kr_1020220138139__29-1-2__r1
kr_1020220138139,29-2-,Rejection_Inventiveness,1,의견제출통지서,2024-07-10,kr_1020220138139__29-2-__r1
kr_1020220138139,29-2-,Rejection_Inventiveness,2,거절결정서,2025-01-08,kr_1020220138139__29-2-__r2
kr_1020220140239,29-2-,Rejection_Inventiveness,1,의견제출통지서,2025-03-11,kr_1020220140239__29-2-__r1
kr_1020220140239,29-2-,Rejection_Inventiveness,2,의견제출통지서,2025-07-28,kr_1020220140239__29-2-__r2
kr_1020220140239,29-2-,Rejection_Inventiveness,3,거절결정서,2026-04-22,kr_1020220140239__29-2-__r3
kr_1020220140239,42-4-1,Rejection_ClaimRequirements,1,의견제출통지서,2025-03-11,kr_1020220140239__42-4-1__r1
kr_1020220140239,42-4-1,Rejection_ClaimRequirements,2,의견제출통지서,2025-07-28,kr_1020220140239__42-4-1__r2
kr_1020220140239,42-4-2,Rejection_ClaimRequirements,1,의견제출통지서,2025-03-11,kr_1020220140239__42-4-2__r1
kr_1020220141666,29-1-2,Rejection_Novelty,1,의견제출통지서,2024-12-16,kr_1020220141666__29-1-2__r1
kr_1020220141666,29-2-,Rejection_Inventiveness,1,의견제출통지서,2024-12-16,kr_1020220141666__29-2-__r1
kr_1020220149234,29-2-,Rejection_Inventiveness,1,의견제출통지서,2024-02-26,kr_1020220149234__29-2-__r1
kr_1020220149234,42-4-2,Rejection_ClaimRequirements,1,의견제출통지서,2024-02-26,kr_1020220149234__42-4-2__r1
kr_1020220151527,29-2-,Rejection_Inventiveness,1,의견제출통지서,2024-08-26,kr_1020220151527__29-2-__r1
kr_1020220151527,29-2-,Rejection_Inventiveness,2,거절결정서,2025-04-23,kr_1020220151527__29-2-__r2
kr_1020220151527,42-4-2,Rejection_ClaimRequirements,1,의견제출통지서,2024-08-26,kr_1020220151527__42-4-2__r1
kr_1020220153565,29-2-,Rejection_Inventiveness,1,의견제출통지서,2025-06-16,kr_1020220153565__29-2-__r1
kr_1020220153565,29-2-,Rejection_Inventiveness,2,거절결정서,2026-02-12,kr_1020220153565__29-2-__r2
kr_1020220153565,42-4-2,Rejection_ClaimRequirements,1,의견제출통지서,2025-06-16,kr_1020220153565__42-4-2__r1
kr_1020220159155,29-2-,Rejection_Inventiveness,1,의견제출통지서,2023-06-05,kr_1020220159155__29-2-__r1
kr_1020220159155,29-2-,Rejection_Inventiveness,2,거절결정서,2024-05-28,kr_1020220159155__29-2-__r2
kr_1020220159155,42-4-1,Rejection_ClaimRequirements,1,의견제출통지서,2023-06-05,kr_1020220159155__42-4-1__r1
kr_1020220159439,29-1-2,Rejection_Novelty,1,의견제출통지서,2024-02-28,kr_1020220159439__29-1-2__r1
kr_1020220159439,29-1-2,Rejection_Novelty,2,거절결정서,2024-10-14,kr_1020220159439__29-1-2__r2
kr_1020220159439,29-2-,Rejection_Inventiveness,1,의견제출통지서,2024-02-28,kr_1020220159439__29-2-__r1
kr_1020220159439,29-2-,Rejection_Inventiveness,2,거절결정서,2024-10-14,kr_1020220159439__29-2-__r2
kr_1020220159439,42-3-2,Rejection_Disclosure,1,의견제출통지서,2024-02-28,kr_1020220159439__42-3-2__r1
kr_1020220159949,29-2-,Rejection_Inventiveness,1,의견제출통지서,2024-12-18,kr_1020220159949__29-2-__r1
kr_1020220159949,29-2-,Rejection_Inventiveness,2,의견제출통지서,2024-12-18,kr_1020220159949__29-2-__r2
kr_1020220159949,29-2-,Rejection_Inventiveness,3,거절결정서,2025-02-24,kr_1020220159949__29-2-__r3
kr_1020220162358,29-2-,Rejection_Inventiveness,1,의견제출통지서,2023-09-19,kr_1020220162358__29-2-__r1
kr_1020220162358,29-2-,Rejection_Inventiveness,2,거절결정서,2024-01-29,kr_1020220162358__29-2-__r2
kr_1020220165419,29-2-,Rejection_Inventiveness,1,의견제출통지서,2024-11-18,kr_1020220165419__29-2-__r1
kr_1020220165419,29-2-,Rejection_Inventiveness,2,거절결정서,2025-07-14,kr_1020220165419__29-2-__r2
kr_1020220165419,42-4-1,Rejection_ClaimRequirements,1,의견제출통지서,2024-11-18,kr_1020220165419__42-4-1__r1
kr_1020220165419,42-4-2,Rejection_ClaimRequirements,1,의견제출통지서,2024-11-18,kr_1020220165419__42-4-2__r1
kr_1020220165419,42-8-,Rejection_ClaimFormat,1,의견제출통지서,2024-11-18,kr_1020220165419__42-8-__r1
kr_1020220168603,29-1-2,Rejection_Novelty,1,의견제출통지서,2024-03-08,kr_1020220168603__29-1-2__r1
kr_1020220168603,29-2-,Rejection_Inventiveness,1,의견제출통지서,2024-03-08,kr_1020220168603__29-2-__r1
kr_1020220174995,29-2-,Rejection_Inventiveness,1,의견제출통지서,2024-02-22,kr_1020220174995__29-2-__r1
kr_1020220174995,29-2-,Rejection_Inventiveness,2,거절결정서,2024-10-30,kr_1020220174995__29-2-__r2
kr_1020220178832,29-2-,Rejection_Inventiveness,1,의견제출통지서,2024-11-18,kr_1020220178832__29-2-__r1
kr_1020220178832,29-2-,Rejection_Inventiveness,2,거절결정서,2025-07-09,kr_1020220178832__29-2-__r2
kr_1020220178832,42-4-2,Rejection_ClaimRequirements,1,의견제출통지서,2024-11-18,kr_1020220178832__42-4-2__r1
kr_1020220181032,29-2-,Rejection_Inventiveness,1,의견제출통지서,2025-02-28,kr_1020220181032__29-2-__r1
kr_1020220181032,29-2-,Rejection_Inventiveness,2,거절결정서,2025-12-15,kr_1020220181032__29-2-__r2
kr_1020220184198,29-1-2,Rejection_Novelty,1,의견제출통지서,2024-10-28,kr_1020220184198__29-1-2__r1
kr_1020220184198,29-1-2,Rejection_Novelty,2,거절결정서,2025-07-18,kr_1020220184198__29-1-2__r2
kr_1020220184198,29-2-,Rejection_Inventiveness,1,의견제출통지서,2024-10-28,kr_1020220184198__29-2-__r1
kr_1020220184198,29-2-,Rejection_Inventiveness,2,거절결정서,2025-07-18,kr_1020220184198__29-2-__r2
kr_1020220186973,29-2-,Rejection_Inventiveness,1,의견제출통지서,2025-03-12,kr_1020220186973__29-2-__r1
kr_1020227000243,29-1-2,Rejection_Novelty,1,의견제출통지서,2022-03-28,kr_1020227000243__29-1-2__r1
kr_1020227000243,29-2-,Rejection_Inventiveness,1,의견제출통지서,2022-03-28,kr_1020227000243__29-2-__r1
kr_1020227000243,29-2-,Rejection_Inventiveness,2,거절결정서,2022-09-30,kr_1020227000243__29-2-__r2
kr_1020227002678,29-1-2,Rejection_Novelty,1,의견제출통지서,2023-11-08,kr_1020227002678__29-1-2__r1
kr_1020227002678,29-2-,Rejection_Inventiveness,1,의견제출통지서,2023-11-08,kr_1020227002678__29-2-__r1
kr_1020227005491,29-1-2,Rejection_Novelty,1,의견제출통지서,2022-03-21,kr_1020227005491__29-1-2__r1
kr_1020227005491,29-2-,Rejection_Inventiveness,1,의견제출통지서,2022-03-21,kr_1020227005491__29-2-__r1
kr_1020227005491,29-2-,Rejection_Inventiveness,2,거절결정서,2022-09-28,kr_1020227005491__29-2-__r2
kr_1020227005491,45,Rejection_UnityOfInvention,1,의견제출통지서,2022-03-21,kr_1020227005491__45__r1
kr_1020227007112,29-2-,Rejection_Inventiveness,1,의견제출통지서,2025-04-01,kr_1020227007112__29-2-__r1
kr_1020227007112,42-4-2,Rejection_ClaimRequirements,1,의견제출통지서,2025-04-01,kr_1020227007112__42-4-2__r1
kr_1020227008278,29-2-,Rejection_Inventiveness,1,의견제출통지서,2022-06-21,kr_1020227008278__29-2-__r1
kr_1020227008278,29-2-,Rejection_Inventiveness,2,거절결정서,2023-04-04,kr_1020227008278__29-2-__r2
kr_1020227008278,42-8-,Rejection_ClaimFormat,1,의견제출통지서,2022-06-21,kr_1020227008278__42-8-__r1
kr_1020227011425,29-2-,Rejection_Inventiveness,1,의견제출통지서,2024-08-27,kr_1020227011425__29-2-__r1
kr_1020227011425,42-8-,Rejection_ClaimFormat,1,의견제출통지서,2024-08-27,kr_1020227011425__42-8-__r1
kr_1020227013143,29-2-,Rejection_Inventiveness,1,의견제출통지서,2022-07-18,kr_1020227013143__29-2-__r1
kr_1020227013143,29-2-,Rejection_Inventiveness,2,거절결정서,2023-03-23,kr_1020227013143__29-2-__r2
kr_1020227013596,29-2-,Rejection_Inventiveness,1,의견제출통지서,2024-01-31,kr_1020227013596__29-2-__r1
kr_1020227013596,29-2-,Rejection_Inventiveness,2,거절결정서,2024-08-29,kr_1020227013596__29-2-__r2
kr_1020227013596,42-8-,Rejection_ClaimFormat,1,의견제출통지서,2024-01-31,kr_1020227013596__42-8-__r1
kr_1020227018923,29-2-,Rejection_Inventiveness,1,의견제출통지서,2024-05-28,kr_1020227018923__29-2-__r1
kr_1020227018923,29-2-,Rejection_Inventiveness,2,거절결정서,2025-04-22,kr_1020227018923__29-2-__r2
kr_1020227018924,29-1-2,Rejection_Novelty,1,의견제출통지서,2024-06-24,kr_1020227018924__29-1-2__r1
kr_1020227018924,29-2-,Rejection_Inventiveness,1,의견제출통지서,2024-06-24,kr_1020227018924__29-2-__r1
kr_1020227018924,29-2-,Rejection_Inventiveness,2,거절결정서,2025-05-22,kr_1020227018924__29-2-__r2
kr_1020227019461,29-1-2,Rejection_Novelty,1,의견제출통지서,2024-05-24,kr_1020227019461__29-1-2__r1
kr_1020227019461,29-2-,Rejection_Inventiveness,1,의견제출통지서,2024-05-24,kr_1020227019461__29-2-__r1
kr_1020227020192,29-1-2,Rejection_Novelty,1,의견제출통지서,2024-06-20,kr_1020227020192__29-1-2__r1
kr_1020227020192,29-1-2,Rejection_Novelty,2,거절결정서,2025-02-25,kr_1020227020192__29-1-2__r2
kr_1020227020192,29-2-,Rejection_Inventiveness,1,의견제출통지서,2024-06-20,kr_1020227020192__29-2-__r1
kr_1020227020192,29-2-,Rejection_Inventiveness,2,거절결정서,2025-02-25,kr_1020227020192__29-2-__r2
kr_1020227020206,29-2-,Rejection_Inventiveness,1,의견제출통지서,2024-07-01,kr_1020227020206__29-2-__r1
kr_1020227020206,29-2-,Rejection_Inventiveness,2,의견제출통지서,2025-03-07,kr_1020227020206__29-2-__r2
kr_1020227020206,29-2-,Rejection_Inventiveness,3,거절결정서,2025-11-05,kr_1020227020206__29-2-__r3
kr_1020227020206,42-8-,Rejection_ClaimFormat,1,의견제출통지서,2024-07-01,kr_1020227020206__42-8-__r1
kr_1020227020208,29-2-,Rejection_Inventiveness,1,의견제출통지서,2024-06-24,kr_1020227020208__29-2-__r1
kr_1020227020208,29-2-,Rejection_Inventiveness,2,의견제출통지서,2025-02-19,kr_1020227020208__29-2-__r2
kr_1020227020208,29-2-,Rejection_Inventiveness,3,거절결정서,2025-10-21,kr_1020227020208__29-2-__r3
kr_1020227020208,45,Rejection_UnityOfInvention,1,의견제출통지서,2024-06-24,kr_1020227020208__45__r1
kr_1020227020208,45,Rejection_UnityOfInvention,2,의견제출통지서,2025-02-19,kr_1020227020208__45__r2
kr_1020227020208,45,Rejection_UnityOfInvention,3,거절결정서,2025-10-21,kr_1020227020208__45__r3
kr_1020227021807,29-2-,Rejection_Inventiveness,1,의견제출통지서,2024-11-18,kr_1020227021807__29-2-__r1
kr_1020227021807,29-2-,Rejection_Inventiveness,2,거절결정서,2025-07-20,kr_1020227021807__29-2-__r2
kr_1020227021807,42-4-2,Rejection_ClaimRequirements,1,의견제출통지서,2024-11-18,kr_1020227021807__42-4-2__r1
kr_1020227021807,42-8-,Rejection_ClaimFormat,1,의견제출통지서,2024-11-18,kr_1020227021807__42-8-__r1
kr_1020227026505,29-2-,Rejection_Inventiveness,1,의견제출통지서,2024-06-25,kr_1020227026505__29-2-__r1
kr_1020227026505,29-2-,Rejection_Inventiveness,2,거절결정서,2025-02-21,kr_1020227026505__29-2-__r2
kr_1020227026505,42-3-1,Rejection_Disclosure,1,의견제출통지서,2024-06-25,kr_1020227026505__42-3-1__r1
kr_1020227026505,42-4-2,Rejection_ClaimRequirements,1,의견제출통지서,2024-06-25,kr_1020227026505__42-4-2__r1
kr_1020227026989,29-1-2,Rejection_Novelty,1,의견제출통지서,2025-09-29,kr_1020227026989__29-1-2__r1
kr_1020227026989,29-2-,Rejection_Inventiveness,1,의견제출통지서,2025-09-29,kr_1020227026989__29-2-__r1
kr_1020227026989,42-4-2,Rejection_ClaimRequirements,1,의견제출통지서,2025-09-29,kr_1020227026989__42-4-2__r1
kr_1020227026989,42-8-,Rejection_ClaimFormat,1,의견제출통지서,2025-09-29,kr_1020227026989__42-8-__r1
kr_1020227026989,45,Rejection_UnityOfInvention,1,의견제출통지서,2025-09-29,kr_1020227026989__45__r1
kr_1020227033504,29-2-,Rejection_Inventiveness,1,의견제출통지서,2025-06-11,kr_1020227033504__29-2-__r1
kr_1020227033504,29-2-,Rejection_Inventiveness,2,거절결정서,2026-02-25,kr_1020227033504__29-2-__r2
kr_1020227033504,42-3-1,Rejection_Disclosure,1,의견제출통지서,2025-06-11,kr_1020227033504__42-3-1__r1
kr_1020227033504,42-4-2,Rejection_ClaimRequirements,1,의견제출통지서,2025-06-11,kr_1020227033504__42-4-2__r1
kr_1020227033671,29-2-,Rejection_Inventiveness,1,의견제출통지서,2025-05-12,kr_1020227033671__29-2-__r1
kr_1020227033671,29-2-,Rejection_Inventiveness,2,거절결정서,2026-02-26,kr_1020227033671__29-2-__r2
kr_1020227033671,42-4-1,Rejection_ClaimRequirements,1,의견제출통지서,2025-05-12,kr_1020227033671__42-4-1__r1
kr_1020227045907,29-1-2,Rejection_Novelty,1,의견제출통지서,2025-08-06,kr_1020227045907__29-1-2__r1
kr_1020227045907,29-2-,Rejection_Inventiveness,1,의견제출통지서,2025-08-06,kr_1020227045907__29-2-__r1
kr_1020227045907,42-4-2,Rejection_ClaimRequirements,1,의견제출통지서,2025-08-06,kr_1020227045907__42-4-2__r1
kr_1020227046130,29-1-2,Rejection_Novelty,1,의견제출통지서,2024-09-13,kr_1020227046130__29-1-2__r1
kr_1020227046130,29-2-,Rejection_Inventiveness,1,의견제출통지서,2024-09-13,kr_1020227046130__29-2-__r1
kr_1020227046130,42-4-1,Rejection_ClaimRequirements,1,의견제출통지서,2024-09-13,kr_1020227046130__42-4-1__r1
kr_1020227046130,42-4-2,Rejection_ClaimRequirements,1,의견제출통지서,2024-09-13,kr_1020227046130__42-4-2__r1
kr_1020230002916,29-2-,Rejection_Inventiveness,1,의견제출통지서,2024-01-04,kr_1020230002916__29-2-__r1
kr_1020230002916,29-2-,Rejection_Inventiveness,2,거절결정서,2024-05-14,kr_1020230002916__29-2-__r2
kr_1020230004768,29-2-,Rejection_Inventiveness,1,의견제출통지서,2024-07-26,kr_1020230004768__29-2-__r1
kr_1020230004768,29-2-,Rejection_Inventiveness,2,거절결정서,2025-03-31,kr_1020230004768__29-2-__r2
kr_1020230004768,42-4-1,Rejection_ClaimRequirements,1,의견제출통지서,2024-07-26,kr_1020230004768__42-4-1__r1
kr_1020230016301,29-2-,Rejection_Inventiveness,1,의견제출통지서,2023-10-17,kr_1020230016301__29-2-__r1
kr_1020230016301,29-2-,Rejection_Inventiveness,2,거절결정서,2024-06-11,kr_1020230016301__29-2-__r2
kr_1020230016301,42-4-2,Rejection_ClaimRequirements,1,의견제출통지서,2023-10-17,kr_1020230016301__42-4-2__r1
kr_1020230016534,29-2-,Rejection_Inventiveness,1,의견제출통지서,2025-01-25,kr_1020230016534__29-2-__r1
kr_1020230018953,29-2-,Rejection_Inventiveness,1,의견제출통지서,2025-04-01,kr_1020230018953__29-2-__r1
kr_1020230018953,42-4-2,Rejection_ClaimRequirements,1,의견제출통지서,2025-04-01,kr_1020230018953__42-4-2__r1
kr_1020230020235,29-2-,Rejection_Inventiveness,1,의견제출통지서,2025-05-16,kr_1020230020235__29-2-__r1
kr_1020230020235,42-4-2,Rejection_ClaimRequirements,1,의견제출통지서,2025-05-16,kr_1020230020235__42-4-2__r1
kr_1020230022864,29-1-2,Rejection_Novelty,1,의견제출통지서,2025-04-22,kr_1020230022864__29-1-2__r1
kr_1020230022864,29-2-,Rejection_Inventiveness,1,의견제출통지서,2025-04-22,kr_1020230022864__29-2-__r1
kr_1020230022864,29-2-,Rejection_Inventiveness,2,거절결정서,2026-01-06,kr_1020230022864__29-2-__r2
kr_1020230022864,42-4-2,Rejection_ClaimRequirements,1,의견제출통지서,2025-04-22,kr_1020230022864__42-4-2__r1
kr_1020230026883,29-2-,Rejection_Inventiveness,1,의견제출통지서,2025-01-25,kr_1020230026883__29-2-__r1
kr_1020230026883,29-2-,Rejection_Inventiveness,2,의견제출통지서,2025-07-30,kr_1020230026883__29-2-__r2
kr_1020230026883,29-2-,Rejection_Inventiveness,3,거절결정서,2026-04-16,kr_1020230026883__29-2-__r3
kr_1020230026883,42-4-2,Rejection_ClaimRequirements,2,의견제출통지서,2025-07-30,kr_1020230026883__42-4-2__r2
kr_1020230029510,29-1-2,Rejection_Novelty,1,의견제출통지서,2025-03-25,kr_1020230029510__29-1-2__r1
kr_1020230029510,29-2-,Rejection_Inventiveness,1,의견제출통지서,2025-03-25,kr_1020230029510__29-2-__r1
kr_1020230029510,42-4-2,Rejection_ClaimRequirements,1,의견제출통지서,2025-03-25,kr_1020230029510__42-4-2__r1
kr_1020230029864,29-1-2,Rejection_Novelty,1,의견제출통지서,2024-06-20,kr_1020230029864__29-1-2__r1
kr_1020230029864,29-2-,Rejection_Inventiveness,1,의견제출통지서,2024-06-20,kr_1020230029864__29-2-__r1
kr_1020230029864,29-2-,Rejection_Inventiveness,2,거절결정서,2025-09-17,kr_1020230029864__29-2-__r2
kr_1020230029864,42-4-2,Rejection_ClaimRequirements,1,의견제출통지서,2024-06-20,kr_1020230029864__42-4-2__r1
kr_1020230031770,29-2-,Rejection_Inventiveness,1,의견제출통지서,2025-05-12,kr_1020230031770__29-2-__r1
kr_1020230033862,29-1-2,Rejection_Novelty,1,의견제출통지서,2025-02-17,kr_1020230033862__29-1-2__r1
kr_1020230033862,29-2-,Rejection_Inventiveness,1,의견제출통지서,2025-02-17,kr_1020230033862__29-2-__r1
kr_1020230035783,29-1-2,Rejection_Novelty,1,의견제출통지서,2024-12-18,kr_1020230035783__29-1-2__r1
kr_1020230035783,29-1-2,Rejection_Novelty,2,의견제출통지서,2024-12-18,kr_1020230035783__29-1-2__r2
kr_1020230035783,29-2-,Rejection_Inventiveness,1,의견제출통지서,2024-12-18,kr_1020230035783__29-2-__r1
kr_1020230035783,29-2-,Rejection_Inventiveness,2,의견제출통지서,2024-12-18,kr_1020230035783__29-2-__r2
kr_1020230035783,42-4-1,Rejection_ClaimRequirements,1,의견제출통지서,2024-12-18,kr_1020230035783__42-4-1__r1
kr_1020230035783,42-4-1,Rejection_ClaimRequirements,2,의견제출통지서,2024-12-18,kr_1020230035783__42-4-1__r2
kr_1020230035783,45,Rejection_UnityOfInvention,1,의견제출통지서,2024-12-18,kr_1020230035783__45__r1
kr_1020230035783,45,Rejection_UnityOfInvention,2,의견제출통지서,2024-12-18,kr_1020230035783__45__r2
kr_1020230040434,29-2-,Rejection_Inventiveness,1,의견제출통지서,2024-10-04,kr_1020230040434__29-2-__r1
kr_1020230040434,42-4-1,Rejection_ClaimRequirements,1,의견제출통지서,2024-10-04,kr_1020230040434__42-4-1__r1
kr_1020230041154,29-2-,Rejection_Inventiveness,1,의견제출통지서,2025-01-09,kr_1020230041154__29-2-__r1
kr_1020230041154,42-4-2,Rejection_ClaimRequirements,1,의견제출통지서,2025-01-09,kr_1020230041154__42-4-2__r1
kr_1020230042365,29-2-,Rejection_Inventiveness,1,의견제출통지서,2023-09-21,kr_1020230042365__29-2-__r1
kr_1020230042365,29-2-,Rejection_Inventiveness,2,거절결정서,2024-06-26,kr_1020230042365__29-2-__r2
kr_1020230042595,29-2-,Rejection_Inventiveness,1,의견제출통지서,2025-04-04,kr_1020230042595__29-2-__r1
kr_1020230042595,29-2-,Rejection_Inventiveness,2,거절결정서,2025-12-23,kr_1020230042595__29-2-__r2
kr_1020230048661,29-2-,Rejection_Inventiveness,1,의견제출통지서,2025-06-27,kr_1020230048661__29-2-__r1
kr_1020230048661,29-2-,Rejection_Inventiveness,2,거절결정서,2026-02-06,kr_1020230048661__29-2-__r2
kr_1020230048661,42-4-2,Rejection_ClaimRequirements,1,의견제출통지서,2025-06-27,kr_1020230048661__42-4-2__r1
kr_1020230049774,29-2-,Rejection_Inventiveness,1,의견제출통지서,2025-03-13,kr_1020230049774__29-2-__r1
kr_1020230049774,42-4-1,Rejection_ClaimRequirements,1,의견제출통지서,2025-03-13,kr_1020230049774__42-4-1__r1
kr_1020230052756,29-2-,Rejection_Inventiveness,1,의견제출통지서,2023-05-20,kr_1020230052756__29-2-__r1
kr_1020230052756,29-2-,Rejection_Inventiveness,2,거절결정서,2023-11-21,kr_1020230052756__29-2-__r2
kr_1020230053273,29-2-,Rejection_Inventiveness,1,의견제출통지서,2023-12-04,kr_1020230053273__29-2-__r1
kr_1020230053273,29-2-,Rejection_Inventiveness,2,거절결정서,2024-06-27,kr_1020230053273__29-2-__r2
kr_1020230053273,42-4-2,Rejection_ClaimRequirements,1,의견제출통지서,2023-12-04,kr_1020230053273__42-4-2__r1
kr_1020230057845,29-1-2,Rejection_Novelty,1,의견제출통지서,2023-05-22,kr_1020230057845__29-1-2__r1
kr_1020230057845,29-2-,Rejection_Inventiveness,1,의견제출통지서,2023-05-22,kr_1020230057845__29-2-__r1
kr_1020230057845,42-4-1,Rejection_ClaimRequirements,1,의견제출통지서,2023-05-22,kr_1020230057845__42-4-1__r1
kr_1020230057845,42-4-2,Rejection_ClaimRequirements,1,의견제출통지서,2023-05-22,kr_1020230057845__42-4-2__r1
kr_1020230057845,42-4-2,Rejection_ClaimRequirements,2,거절결정서,2024-04-16,kr_1020230057845__42-4-2__r2
kr_1020230062221,29-2-,Rejection_Inventiveness,1,의견제출통지서,2024-01-17,kr_1020230062221__29-2-__r1
kr_1020230062221,29-2-,Rejection_Inventiveness,2,거절결정서,2024-10-30,kr_1020230062221__29-2-__r2
kr_1020230067050,29-1-2,Rejection_Novelty,1,의견제출통지서,2025-05-16,kr_1020230067050__29-1-2__r1
kr_1020230067050,29-2-,Rejection_Inventiveness,1,의견제출통지서,2025-05-16,kr_1020230067050__29-2-__r1
kr_1020230075365,29-2-,Rejection_Inventiveness,1,의견제출통지서,2024-10-28,kr_1020230075365__29-2-__r1
kr_1020230075365,29-2-,Rejection_Inventiveness,2,거절결정서,2025-07-16,kr_1020230075365__29-2-__r2
kr_1020230076349,29-2-,Rejection_Inventiveness,1,의견제출통지서,2025-02-19,kr_1020230076349__29-2-__r1
kr_1020230076349,29-2-,Rejection_Inventiveness,2,거절결정서,2025-10-29,kr_1020230076349__29-2-__r2
kr_1020230076349,42-4-1,Rejection_ClaimRequirements,1,의견제출통지서,2025-02-19,kr_1020230076349__42-4-1__r1
kr_1020230077383,29-2-,Rejection_Inventiveness,1,의견제출통지서,2024-12-04,kr_1020230077383__29-2-__r1
kr_1020230077383,29-2-,Rejection_Inventiveness,2,의견제출통지서,2025-08-04,kr_1020230077383__29-2-__r2
kr_1020230077383,42-4-2,Rejection_ClaimRequirements,1,의견제출통지서,2024-12-04,kr_1020230077383__42-4-2__r1
kr_1020230077383,42-4-2,Rejection_ClaimRequirements,2,의견제출통지서,2025-08-04,kr_1020230077383__42-4-2__r2
kr_1020230079681,29-1-2,Rejection_Novelty,1,의견제출통지서,2025-04-21,kr_1020230079681__29-1-2__r1
kr_1020230079681,29-2-,Rejection_Inventiveness,1,의견제출통지서,2025-04-21,kr_1020230079681__29-2-__r1
kr_1020230079681,29-2-,Rejection_Inventiveness,2,거절결정서,2025-12-24,kr_1020230079681__29-2-__r2
kr_1020230079932,29-2-,Rejection_Inventiveness,1,의견제출통지서,2025-06-23,kr_1020230079932__29-2-__r1
kr_1020230079932,29-2-,Rejection_Inventiveness,2,거절결정서,2026-03-27,kr_1020230079932__29-2-__r2
kr_1020230082032,29-2-,Rejection_Inventiveness,1,의견제출통지서,2023-12-15,kr_1020230082032__29-2-__r1
kr_1020230082032,29-2-,Rejection_Inventiveness,2,거절결정서,2024-08-29,kr_1020230082032__29-2-__r2
kr_1020230082032,42-4-1,Rejection_ClaimRequirements,3,의견제출통지서,2025-01-24,kr_1020230082032__42-4-1__r3
kr_1020230082032,42-4-2,Rejection_ClaimRequirements,1,의견제출통지서,2023-12-15,kr_1020230082032__42-4-2__r1
kr_1020230082032,42-4-2,Rejection_ClaimRequirements,3,의견제출통지서,2025-01-24,kr_1020230082032__42-4-2__r3
kr_1020230084204,29-2-,Rejection_Inventiveness,1,의견제출통지서,2023-07-26,kr_1020230084204__29-2-__r1
kr_1020230090842,29-2-,Rejection_Inventiveness,1,의견제출통지서,2024-07-13,kr_1020230090842__29-2-__r1
kr_1020230091931,29-2-,Rejection_Inventiveness,1,의견제출통지서,2024-09-19,kr_1020230091931__29-2-__r1
kr_1020230091931,29-2-,Rejection_Inventiveness,2,의견제출통지서,2024-09-20,kr_1020230091931__29-2-__r2
kr_1020230097348,29-2-,Rejection_Inventiveness,1,의견제출통지서,2025-06-27,kr_1020230097348__29-2-__r1
kr_1020230097348,29-2-,Rejection_Inventiveness,2,거절결정서,2026-04-10,kr_1020230097348__29-2-__r2
kr_1020230097427,29-1-2,Rejection_Novelty,1,의견제출통지서,2025-07-09,kr_1020230097427__29-1-2__r1
kr_1020230097427,29-2-,Rejection_Inventiveness,1,의견제출통지서,2025-07-09,kr_1020230097427__29-2-__r1
kr_1020230097427,29-2-,Rejection_Inventiveness,2,거절결정서,2026-02-24,kr_1020230097427__29-2-__r2
kr_1020230097427,42-4-2,Rejection_ClaimRequirements,1,의견제출통지서,2025-07-09,kr_1020230097427__42-4-2__r1
kr_1020230098794,29-2-,Rejection_Inventiveness,1,의견제출통지서,2025-07-28,kr_1020230098794__29-2-__r1
kr_1020230098794,42-3-1,Rejection_Disclosure,1,의견제출통지서,2025-07-28,kr_1020230098794__42-3-1__r1
kr_1020230098794,42-3-1,Rejection_Disclosure,2,거절결정서,2026-03-25,kr_1020230098794__42-3-1__r2
kr_1020230098927,29-2-,Rejection_Inventiveness,1,의견제출통지서,2025-07-28,kr_1020230098927__29-2-__r1
kr_1020230098927,42-3-1,Rejection_Disclosure,1,의견제출통지서,2025-07-28,kr_1020230098927__42-3-1__r1
kr_1020230098927,42-3-1,Rejection_Disclosure,2,거절결정서,2026-03-25,kr_1020230098927__42-3-1__r2
kr_1020230099012,29-2-,Rejection_Inventiveness,1,의견제출통지서,2025-07-28,kr_1020230099012__29-2-__r1
kr_1020230099012,29-2-,Rejection_Inventiveness,2,거절결정서,2026-04-15,kr_1020230099012__29-2-__r2
kr_1020230099012,42-3-1,Rejection_Disclosure,1,의견제출통지서,2025-07-28,kr_1020230099012__42-3-1__r1
kr_1020230099012,42-3-1,Rejection_Disclosure,2,거절결정서,2026-04-15,kr_1020230099012__42-3-1__r2
kr_1020230099012,42-4-2,Rejection_ClaimRequirements,1,의견제출통지서,2025-07-28,kr_1020230099012__42-4-2__r1
kr_1020230099012,42-4-2,Rejection_ClaimRequirements,2,거절결정서,2026-04-15,kr_1020230099012__42-4-2__r2
kr_1020230103673,29-2-,Rejection_Inventiveness,1,의견제출통지서,2025-03-05,kr_1020230103673__29-2-__r1
kr_1020230103673,29-2-,Rejection_Inventiveness,2,의견제출통지서,2025-04-03,kr_1020230103673__29-2-__r2
kr_1020230103673,29-2-,Rejection_Inventiveness,3,의견제출통지서,2025-12-08,kr_1020230103673__29-2-__r3
kr_1020230103673,45,Rejection_UnityOfInvention,1,의견제출통지서,2025-03-05,kr_1020230103673__45__r1
kr_1020230103673,45,Rejection_UnityOfInvention,2,의견제출통지서,2025-04-03,kr_1020230103673__45__r2
kr_1020230112734,29-1-2,Rejection_Novelty,1,의견제출통지서,2025-04-16,kr_1020230112734__29-1-2__r1
kr_1020230112734,29-2-,Rejection_Inventiveness,1,의견제출통지서,2025-04-16,kr_1020230112734__29-2-__r1
kr_1020230112734,42-4-2,Rejection_ClaimRequirements,1,의견제출통지서,2025-04-16,kr_1020230112734__42-4-2__r1
kr_1020230113502,29-1-2,Rejection_Novelty,1,의견제출통지서,2024-04-08,kr_1020230113502__29-1-2__r1
kr_1020230113502,29-2-,Rejection_Inventiveness,1,의견제출통지서,2024-04-08,kr_1020230113502__29-2-__r1
kr_1020230113502,42-4-1,Rejection_ClaimRequirements,1,의견제출통지서,2024-04-08,kr_1020230113502__42-4-1__r1
kr_1020230113502,42-4-2,Rejection_ClaimRequirements,1,의견제출통지서,2024-04-08,kr_1020230113502__42-4-2__r1
kr_1020230113502,52-1-,Rejection_DivisionalScope,1,의견제출통지서,2024-04-08,kr_1020230113502__52-1-__r1
kr_1020230116334,29-2-,Rejection_Inventiveness,1,의견제출통지서,2024-10-31,kr_1020230116334__29-2-__r1
kr_1020230116334,42-8-,Rejection_ClaimFormat,1,의견제출통지서,2024-10-31,kr_1020230116334__42-8-__r1
kr_1020230117117,29-1-2,Rejection_Novelty,1,의견제출통지서,2025-08-04,kr_1020230117117__29-1-2__r1
kr_1020230117117,29-2-,Rejection_Inventiveness,1,의견제출통지서,2025-08-04,kr_1020230117117__29-2-__r1
kr_1020230119422,29-2-,Rejection_Inventiveness,1,의견제출통지서,2024-12-20,kr_1020230119422__29-2-__r1
kr_1020230125209,29-2-,Rejection_Inventiveness,1,의견제출통지서,2025-01-21,kr_1020230125209__29-2-__r1
kr_1020230126394,29-2-,Rejection_Inventiveness,1,의견제출통지서,2024-12-30,kr_1020230126394__29-2-__r1
kr_1020230126394,42-4-1,Rejection_ClaimRequirements,1,의견제출통지서,2024-12-30,kr_1020230126394__42-4-1__r1
kr_1020230126394,42-4-2,Rejection_ClaimRequirements,1,의견제출통지서,2024-12-30,kr_1020230126394__42-4-2__r1
kr_1020230126396,29-2-,Rejection_Inventiveness,1,의견제출통지서,2025-01-22,kr_1020230126396__29-2-__r1
kr_1020230130266,29-2-,Rejection_Inventiveness,1,의견제출통지서,2024-09-10,kr_1020230130266__29-2-__r1
kr_1020230130266,29-2-,Rejection_Inventiveness,2,의견제출통지서,2025-03-28,kr_1020230130266__29-2-__r2
kr_1020230132220,29-2-,Rejection_Inventiveness,1,의견제출통지서,2024-07-19,kr_1020230132220__29-2-__r1
kr_1020230132220,29-2-,Rejection_Inventiveness,2,거절결정서,2025-02-10,kr_1020230132220__29-2-__r2
kr_1020230132220,42-4-2,Rejection_ClaimRequirements,1,의견제출통지서,2024-07-19,kr_1020230132220__42-4-2__r1
kr_1020230135039,29-2-,Rejection_Inventiveness,1,의견제출통지서,2025-08-07,kr_1020230135039__29-2-__r1
kr_1020230135039,29-2-,Rejection_Inventiveness,2,거절결정서,2026-04-23,kr_1020230135039__29-2-__r2
kr_1020230137917,29-2-,Rejection_Inventiveness,1,의견제출통지서,2024-06-12,kr_1020230137917__29-2-__r1
kr_1020230137917,29-2-,Rejection_Inventiveness,2,의견제출통지서,2025-06-24,kr_1020230137917__29-2-__r2
kr_1020230137917,29-2-,Rejection_Inventiveness,3,거절결정서,2026-02-25,kr_1020230137917__29-2-__r3
kr_1020230137917,42-4-2,Rejection_ClaimRequirements,1,의견제출통지서,2024-06-12,kr_1020230137917__42-4-2__r1
kr_1020230142437,29-1-2,Rejection_Novelty,1,의견제출통지서,2024-10-21,kr_1020230142437__29-1-2__r1
kr_1020230142437,29-2-,Rejection_Inventiveness,1,의견제출통지서,2024-10-21,kr_1020230142437__29-2-__r1
kr_1020230142437,29-2-,Rejection_Inventiveness,2,거절결정서,2025-04-28,kr_1020230142437__29-2-__r2
kr_1020230144640,29-2-,Rejection_Inventiveness,1,의견제출통지서,2023-12-15,kr_1020230144640__29-2-__r1
kr_1020230144640,29-2-,Rejection_Inventiveness,2,거절결정서,2024-09-27,kr_1020230144640__29-2-__r2
kr_1020230144640,42-4-1,Rejection_ClaimRequirements,1,의견제출통지서,2023-12-15,kr_1020230144640__42-4-1__r1
kr_1020230144997,29-1-2,Rejection_Novelty,1,의견제출통지서,2025-07-08,kr_1020230144997__29-1-2__r1
kr_1020230144997,29-2-,Rejection_Inventiveness,1,의견제출통지서,2025-07-08,kr_1020230144997__29-2-__r1
kr_1020230144997,29-2-,Rejection_Inventiveness,2,거절결정서,2026-04-21,kr_1020230144997__29-2-__r2
kr_1020230144997,42-4-1,Rejection_ClaimRequirements,1,의견제출통지서,2025-07-08,kr_1020230144997__42-4-1__r1
kr_1020230148033,29-2-,Rejection_Inventiveness,1,의견제출통지서,2023-11-13,kr_1020230148033__29-2-__r1
kr_1020230148033,29-2-,Rejection_Inventiveness,2,거절결정서,2024-07-30,kr_1020230148033__29-2-__r2
kr_1020230154619,29-2-,Rejection_Inventiveness,1,의견제출통지서,2025-09-23,kr_1020230154619__29-2-__r1
kr_1020230154619,29-2-,Rejection_Inventiveness,2,거절결정서,2026-04-20,kr_1020230154619__29-2-__r2
kr_1020230156865,29-2-,Rejection_Inventiveness,1,의견제출통지서,2025-08-08,kr_1020230156865__29-2-__r1
kr_1020230157583,29-2-,Rejection_Inventiveness,1,의견제출통지서,2025-04-03,kr_1020230157583__29-2-__r1
kr_1020230157583,29-2-,Rejection_Inventiveness,2,거절결정서,2026-04-02,kr_1020230157583__29-2-__r2
kr_1020230157583,42-4-2,Rejection_ClaimRequirements,1,의견제출통지서,2025-04-03,kr_1020230157583__42-4-2__r1
kr_1020230157930,29-2-,Rejection_Inventiveness,1,의견제출통지서,2025-08-20,kr_1020230157930__29-2-__r1
kr_1020230157930,29-2-,Rejection_Inventiveness,2,거절결정서,2026-04-16,kr_1020230157930__29-2-__r2
kr_1020230159246,29-2-,Rejection_Inventiveness,1,의견제출통지서,2024-11-19,kr_1020230159246__29-2-__r1
kr_1020230159246,29-2-,Rejection_Inventiveness,2,의견제출통지서,2025-07-22,kr_1020230159246__29-2-__r2
kr_1020230160107,29-2-,Rejection_Inventiveness,1,의견제출통지서,2024-12-17,kr_1020230160107__29-2-__r1
kr_1020230165016,29-2-,Rejection_Inventiveness,1,의견제출통지서,2025-02-12,kr_1020230165016__29-2-__r1
kr_1020230165016,29-2-,Rejection_Inventiveness,2,거절결정서,2025-10-20,kr_1020230165016__29-2-__r2
kr_1020230169126,29-1-2,Rejection_Novelty,1,의견제출통지서,2025-09-01,kr_1020230169126__29-1-2__r1
kr_1020230169126,29-2-,Rejection_Inventiveness,1,의견제출통지서,2025-09-01,kr_1020230169126__29-2-__r1
kr_1020230169126,29-2-,Rejection_Inventiveness,2,거절결정서,2026-02-19,kr_1020230169126__29-2-__r2
kr_1020230169844,29-2-,Rejection_Inventiveness,1,의견제출통지서,2024-01-01,kr_1020230169844__29-2-__r1
kr_1020230169844,29-2-,Rejection_Inventiveness,2,거절결정서,2024-08-05,kr_1020230169844__29-2-__r2
kr_1020230170635,29-2-,Rejection_Inventiveness,1,의견제출통지서,2024-09-30,kr_1020230170635__29-2-__r1
kr_1020230170635,29-2-,Rejection_Inventiveness,2,거절결정서,2025-06-12,kr_1020230170635__29-2-__r2
kr_1020230171131,29-2-,Rejection_Inventiveness,1,의견제출통지서,2025-06-28,kr_1020230171131__29-2-__r1
kr_1020230171131,42-4-2,Rejection_ClaimRequirements,1,의견제출통지서,2025-06-28,kr_1020230171131__42-4-2__r1
kr_1020230171131,45,Rejection_UnityOfInvention,1,의견제출통지서,2025-06-28,kr_1020230171131__45__r1
kr_1020230171131,45,Rejection_UnityOfInvention,2,거절결정서,2026-04-02,kr_1020230171131__45__r2
kr_1020230172792,29-1-2,Rejection_Novelty,1,의견제출통지서,2025-06-13,kr_1020230172792__29-1-2__r1
kr_1020230172792,29-2-,Rejection_Inventiveness,1,의견제출통지서,2025-06-13,kr_1020230172792__29-2-__r1
kr_1020230172792,29-2-,Rejection_Inventiveness,2,거절결정서,2026-02-04,kr_1020230172792__29-2-__r2
kr_1020230172792,42-4-2,Rejection_ClaimRequirements,1,의견제출통지서,2025-06-13,kr_1020230172792__42-4-2__r1
kr_1020230182252,29-2-,Rejection_Inventiveness,1,의견제출통지서,2025-08-26,kr_1020230182252__29-2-__r1
kr_1020230182252,29-2-,Rejection_Inventiveness,2,거절결정서,2026-04-21,kr_1020230182252__29-2-__r2
kr_1020230182264,29-1-2,Rejection_Novelty,1,의견제출통지서,2025-08-26,kr_1020230182264__29-1-2__r1
kr_1020230182264,29-2-,Rejection_Inventiveness,1,의견제출통지서,2025-08-26,kr_1020230182264__29-2-__r1
kr_1020230182264,29-2-,Rejection_Inventiveness,2,거절결정서,2026-04-23,kr_1020230182264__29-2-__r2
kr_1020230182264,42-4-2,Rejection_ClaimRequirements,1,의견제출통지서,2025-08-26,kr_1020230182264__42-4-2__r1
kr_1020237004782,29-1-2,Rejection_Novelty,1,의견제출통지서,2025-05-20,kr_1020237004782__29-1-2__r1
kr_1020237004782,29-2-,Rejection_Inventiveness,1,의견제출통지서,2025-05-20,kr_1020237004782__29-2-__r1
kr_1020237004782,42-8-,Rejection_ClaimFormat,1,의견제출통지서,2025-05-20,kr_1020237004782__42-8-__r1
kr_1020237006884,29-2-,Rejection_Inventiveness,1,의견제출통지서,2025-05-29,kr_1020237006884__29-2-__r1
kr_1020237007317,42-4-2,Rejection_ClaimRequirements,1,의견제출통지서,2023-10-11,kr_1020237007317__42-4-2__r1
kr_1020237011834,29-2-,Rejection_Inventiveness,1,의견제출통지서,2024-12-05,kr_1020237011834__29-2-__r1
kr_1020237011834,29-2-,Rejection_Inventiveness,2,거절결정서,2026-02-24,kr_1020237011834__29-2-__r2
kr_1020237011834,42-8-,Rejection_ClaimFormat,1,의견제출통지서,2024-12-05,kr_1020237011834__42-8-__r1
kr_1020237011836,29-2-,Rejection_Inventiveness,1,의견제출통지서,2024-12-05,kr_1020237011836__29-2-__r1
kr_1020237011836,29-2-,Rejection_Inventiveness,2,거절결정서,2026-02-24,kr_1020237011836__29-2-__r2
kr_1020237011836,42-8-,Rejection_ClaimFormat,1,의견제출통지서,2024-12-05,kr_1020237011836__42-8-__r1
kr_1020237019504,29-2-,Rejection_Inventiveness,1,의견제출통지서,2024-10-16,kr_1020237019504__29-2-__r1
kr_1020237019504,29-2-,Rejection_Inventiveness,2,거절결정서,2026-02-13,kr_1020237019504__29-2-__r2
kr_1020237024637,29-2-,Rejection_Inventiveness,1,의견제출통지서,2024-06-27,kr_1020237024637__29-2-__r1
kr_1020237024637,42-4-2,Rejection_ClaimRequirements,1,의견제출통지서,2024-06-27,kr_1020237024637__42-4-2__r1
kr_1020237025134,42-4-2,Rejection_ClaimRequirements,1,의견제출통지서,2025-01-14,kr_1020237025134__42-4-2__r1
kr_1020237033439,29-2-,Rejection_Inventiveness,1,의견제출통지서,2024-03-28,kr_1020237033439__29-2-__r1
kr_1020237033439,29-2-,Rejection_Inventiveness,2,거절결정서,2024-11-28,kr_1020237033439__29-2-__r2
kr_1020237038547,29-1-2,Rejection_Novelty,1,의견제출통지서,2024-12-16,kr_1020237038547__29-1-2__r1
kr_1020237038547,29-2-,Rejection_Inventiveness,1,의견제출통지서,2024-12-16,kr_1020237038547__29-2-__r1
kr_1020237038547,29-2-,Rejection_Inventiveness,2,거절결정서,2025-11-26,kr_1020237038547__29-2-__r2
kr_1020237038547,42-4-2,Rejection_ClaimRequirements,1,의견제출통지서,2024-12-16,kr_1020237038547__42-4-2__r1
kr_1020237038547,42-8-,Rejection_ClaimFormat,1,의견제출통지서,2024-12-16,kr_1020237038547__42-8-__r1
kr_1020237038835,29-2-,Rejection_Inventiveness,1,의견제출통지서,2025-08-25,kr_1020237038835__29-2-__r1
kr_1020237038835,29-2-,Rejection_Inventiveness,2,거절결정서,2026-04-20,kr_1020237038835__29-2-__r2
kr_1020237039162,29-2-,Rejection_Inventiveness,1,의견제출통지서,2025-08-26,kr_1020237039162__29-2-__r1
kr_1020237039162,42-4-2,Rejection_ClaimRequirements,1,의견제출통지서,2025-08-26,kr_1020237039162__42-4-2__r1
kr_1020237042183,29-2-,Rejection_Inventiveness,1,의견제출통지서,2025-06-24,kr_1020237042183__29-2-__r1
kr_1020237042183,29-2-,Rejection_Inventiveness,2,거절결정서,2026-02-10,kr_1020237042183__29-2-__r2
kr_1020237042183,42-4-2,Rejection_ClaimRequirements,1,의견제출통지서,2025-06-24,kr_1020237042183__42-4-2__r1
kr_1020237043405,29-1-2,Rejection_Novelty,1,의견제출통지서,2025-09-29,kr_1020237043405__29-1-2__r1
kr_1020237043405,29-2-,Rejection_Inventiveness,1,의견제출통지서,2025-09-29,kr_1020237043405__29-2-__r1
kr_1020237043405,42-4-2,Rejection_ClaimRequirements,1,의견제출통지서,2025-09-29,kr_1020237043405__42-4-2__r1
kr_1020237043941,29-1-2,Rejection_Novelty,1,의견제출통지서,2025-06-05,kr_1020237043941__29-1-2__r1
kr_1020237043941,29-1-2,Rejection_Novelty,2,거절결정서,2026-02-23,kr_1020237043941__29-1-2__r2
kr_1020237043941,29-2-,Rejection_Inventiveness,1,의견제출통지서,2025-06-05,kr_1020237043941__29-2-__r1
kr_1020237043941,29-2-,Rejection_Inventiveness,2,거절결정서,2026-02-23,kr_1020237043941__29-2-__r2
kr_1020237043941,42-4-2,Rejection_ClaimRequirements,1,의견제출통지서,2025-06-05,kr_1020237043941__42-4-2__r1
kr_1020237043941,42-8-,Rejection_ClaimFormat,1,의견제출통지서,2025-06-05,kr_1020237043941__42-8-__r1
kr_1020237044302,29-1-2,Rejection_Novelty,1,의견제출통지서,2024-07-12,kr_1020237044302__29-1-2__r1
kr_1020237044302,29-2-,Rejection_Inventiveness,1,의견제출통지서,2024-07-12,kr_1020237044302__29-2-__r1
kr_1020237044302,29-2-,Rejection_Inventiveness,2,거절결정서,2025-01-10,kr_1020237044302__29-2-__r2
kr_1020240000644,29-1-2,Rejection_Novelty,1,의견제출통지서,2024-10-31,kr_1020240000644__29-1-2__r1
kr_1020240000644,29-2-,Rejection_Inventiveness,1,의견제출통지서,2024-10-31,kr_1020240000644__29-2-__r1
kr_1020240000644,29-2-,Rejection_Inventiveness,2,거절결정서,2025-07-03,kr_1020240000644__29-2-__r2
kr_1020240000652,29-2-,Rejection_Inventiveness,1,의견제출통지서,2024-11-28,kr_1020240000652__29-2-__r1
kr_1020240000652,29-2-,Rejection_Inventiveness,2,거절결정서,2025-08-12,kr_1020240000652__29-2-__r2
kr_1020240005914,29-2-,Rejection_Inventiveness,1,의견제출통지서,2025-07-30,kr_1020240005914__29-2-__r1
kr_1020240005914,29-2-,Rejection_Inventiveness,2,거절결정서,2026-04-13,kr_1020240005914__29-2-__r2
kr_1020240015845,29-2-,Rejection_Inventiveness,1,의견제출통지서,2024-12-06,kr_1020240015845__29-2-__r1
kr_1020240017286,29-1-2,Rejection_Novelty,1,의견제출통지서,2025-04-23,kr_1020240017286__29-1-2__r1
kr_1020240017286,29-2-,Rejection_Inventiveness,1,의견제출통지서,2025-04-23,kr_1020240017286__29-2-__r1
kr_1020240025544,29-1-2,Rejection_Novelty,1,의견제출통지서,2024-07-19,kr_1020240025544__29-1-2__r1
kr_1020240025544,29-2-,Rejection_Inventiveness,1,의견제출통지서,2024-07-19,kr_1020240025544__29-2-__r1
kr_1020240025544,42-4-2,Rejection_ClaimRequirements,1,의견제출통지서,2024-07-19,kr_1020240025544__42-4-2__r1
kr_1020240025544,42-8-,Rejection_ClaimFormat,1,의견제출통지서,2024-07-19,kr_1020240025544__42-8-__r1
kr_1020240031783,29-1-2,Rejection_Novelty,1,의견제출통지서,2025-06-18,kr_1020240031783__29-1-2__r1
kr_1020240031783,29-2-,Rejection_Inventiveness,1,의견제출통지서,2025-06-18,kr_1020240031783__29-2-__r1
kr_1020240033495,29-2-,Rejection_Inventiveness,1,의견제출통지서,2025-03-24,kr_1020240033495__29-2-__r1
kr_1020240033495,29-2-,Rejection_Inventiveness,2,거절결정서,2025-11-06,kr_1020240033495__29-2-__r2
kr_1020240033684,29-2-,Rejection_Inventiveness,1,의견제출통지서,2024-03-26,kr_1020240033684__29-2-__r1
kr_1020240043473,29-2-,Rejection_Inventiveness,1,의견제출통지서,2024-07-05,kr_1020240043473__29-2-__r1
kr_1020240043473,29-2-,Rejection_Inventiveness,2,거절결정서,2025-04-24,kr_1020240043473__29-2-__r2
kr_1020240044126,29-2-,Rejection_Inventiveness,1,의견제출통지서,2025-06-17,kr_1020240044126__29-2-__r1
kr_1020240044126,29-2-,Rejection_Inventiveness,2,거절결정서,2026-02-09,kr_1020240044126__29-2-__r2
kr_1020240046000,29-2-,Rejection_Inventiveness,1,의견제출통지서,2024-08-09,kr_1020240046000__29-2-__r1
kr_1020240046000,29-2-,Rejection_Inventiveness,2,거절결정서,2024-11-28,kr_1020240046000__29-2-__r2
kr_1020240054540,29-1-2,Rejection_Novelty,1,의견제출통지서,2024-07-11,kr_1020240054540__29-1-2__r1
kr_1020240054540,29-2-,Rejection_Inventiveness,1,의견제출통지서,2024-07-11,kr_1020240054540__29-2-__r1
kr_1020240054540,42-4-2,Rejection_ClaimRequirements,1,의견제출통지서,2024-07-11,kr_1020240054540__42-4-2__r1
kr_1020240055852,42-4-2,Rejection_ClaimRequirements,1,의견제출통지서,2025-06-02,kr_1020240055852__42-4-2__r1
kr_1020240058966,29-2-,Rejection_Inventiveness,1,의견제출통지서,2025-05-23,kr_1020240058966__29-2-__r1
kr_1020240058966,29-2-,Rejection_Inventiveness,2,거절결정서,2026-02-25,kr_1020240058966__29-2-__r2
kr_1020240058966,42-4-2,Rejection_ClaimRequirements,1,의견제출통지서,2025-05-23,kr_1020240058966__42-4-2__r1
kr_1020240064595,29-2-,Rejection_Inventiveness,1,의견제출통지서,2025-06-09,kr_1020240064595__29-2-__r1
kr_1020240065248,29-1-2,Rejection_Novelty,1,의견제출통지서,2025-03-05,kr_1020240065248__29-1-2__r1
kr_1020240065248,29-2-,Rejection_Inventiveness,1,의견제출통지서,2025-03-05,kr_1020240065248__29-2-__r1
kr_1020240065248,29-2-,Rejection_Inventiveness,2,거절결정서,2025-08-14,kr_1020240065248__29-2-__r2
kr_1020240069903,29-2-,Rejection_Inventiveness,2,의견제출통지서,2025-12-26,kr_1020240069903__29-2-__r2
kr_1020240069903,42-3-1,Rejection_Disclosure,1,의견제출통지서,2025-04-28,kr_1020240069903__42-3-1__r1
kr_1020240071155,29-1-2,Rejection_Novelty,1,의견제출통지서,2025-07-10,kr_1020240071155__29-1-2__r1
kr_1020240071155,29-2-,Rejection_Inventiveness,1,의견제출통지서,2025-07-10,kr_1020240071155__29-2-__r1
kr_1020240071155,29-2-,Rejection_Inventiveness,2,거절결정서,2026-03-06,kr_1020240071155__29-2-__r2
kr_1020240075348,29-2-,Rejection_Inventiveness,1,의견제출통지서,2025-02-11,kr_1020240075348__29-2-__r1
kr_1020240075348,29-2-,Rejection_Inventiveness,2,거절결정서,2026-01-27,kr_1020240075348__29-2-__r2
kr_1020240086074,42-4-1,Rejection_ClaimRequirements,1,의견제출통지서,2025-06-13,kr_1020240086074__42-4-1__r1
kr_1020240094353,29-2-,Rejection_Inventiveness,1,의견제출통지서,2025-08-18,kr_1020240094353__29-2-__r1
kr_1020240094354,29-2-,Rejection_Inventiveness,1,의견제출통지서,2025-08-19,kr_1020240094354__29-2-__r1
kr_1020240101083,29-2-,Rejection_Inventiveness,1,의견제출통지서,2025-06-18,kr_1020240101083__29-2-__r1
kr_1020240101083,42-3-1,Rejection_Disclosure,1,의견제출통지서,2025-06-18,kr_1020240101083__42-3-1__r1
kr_1020240101083,42-3-1,Rejection_Disclosure,2,거절결정서,2026-02-04,kr_1020240101083__42-3-1__r2
kr_1020240101083,45,Rejection_UnityOfInvention,1,의견제출통지서,2025-06-18,kr_1020240101083__45__r1
kr_1020240117203,29-2-,Rejection_Inventiveness,1,의견제출통지서,2025-08-28,kr_1020240117203__29-2-__r1
kr_1020240125457,29-2-,Rejection_Inventiveness,1,의견제출통지서,2025-05-28,kr_1020240125457__29-2-__r1
kr_1020240125457,29-2-,Rejection_Inventiveness,2,거절결정서,2026-01-23,kr_1020240125457__29-2-__r2
kr_1020240125457,42-3-1,Rejection_Disclosure,1,의견제출통지서,2025-05-28,kr_1020240125457__42-3-1__r1
kr_1020240125457,45,Rejection_UnityOfInvention,1,의견제출통지서,2025-05-28,kr_1020240125457__45__r1
kr_1020240144922,29-1-2,Rejection_Novelty,1,의견제출통지서,2025-06-29,kr_1020240144922__29-1-2__r1
kr_1020240144922,29-2-,Rejection_Inventiveness,1,의견제출통지서,2025-06-29,kr_1020240144922__29-2-__r1
kr_1020240144922,29-2-,Rejection_Inventiveness,2,거절결정서,2026-03-25,kr_1020240144922__29-2-__r2
kr_1020240145293,29-1-2,Rejection_Novelty,1,의견제출통지서,2025-11-10,kr_1020240145293__29-1-2__r1
kr_1020240145293,29-2-,Rejection_Inventiveness,1,의견제출통지서,2025-11-10,kr_1020240145293__29-2-__r1
kr_1020240145293,42-4-1,Rejection_ClaimRequirements,1,의견제출통지서,2025-11-10,kr_1020240145293__42-4-1__r1
kr_1020240145293,42-4-2,Rejection_ClaimRequirements,1,의견제출통지서,2025-11-10,kr_1020240145293__42-4-2__r1
kr_1020240147227,29-2-,Rejection_Inventiveness,1,의견제출통지서,2024-11-11,kr_1020240147227__29-2-__r1
kr_1020240147227,29-2-,Rejection_Inventiveness,2,거절결정서,2025-09-25,kr_1020240147227__29-2-__r2
kr_1020240159937,29-2-,Rejection_Inventiveness,1,의견제출통지서,2024-12-27,kr_1020240159937__29-2-__r1
kr_1020240159937,29-2-,Rejection_Inventiveness,2,거절결정서,2025-07-16,kr_1020240159937__29-2-__r2
kr_1020240179836,29-2-,Rejection_Inventiveness,1,의견제출통지서,2025-08-11,kr_1020240179836__29-2-__r1
kr_1020240191295,29-1-2,Rejection_Novelty,1,의견제출통지서,2025-09-24,kr_1020240191295__29-1-2__r1
kr_1020240191295,29-2-,Rejection_Inventiveness,1,의견제출통지서,2025-09-24,kr_1020240191295__29-2-__r1
kr_1020247003070,29-2-,Rejection_Inventiveness,1,의견제출통지서,2025-10-15,kr_1020247003070__29-2-__r1
kr_1020247005317,29-1-2,Rejection_Novelty,1,의견제출통지서,2025-05-08,kr_1020247005317__29-1-2__r1
kr_1020247005317,29-2-,Rejection_Inventiveness,1,의견제출통지서,2025-05-08,kr_1020247005317__29-2-__r1
kr_1020247005317,42-4-1,Rejection_ClaimRequirements,1,의견제출통지서,2025-05-08,kr_1020247005317__42-4-1__r1
kr_1020247005317,42-4-1,Rejection_ClaimRequirements,2,거절결정서,2026-01-28,kr_1020247005317__42-4-1__r2
kr_1020247005317,42-4-2,Rejection_ClaimRequirements,1,의견제출통지서,2025-05-08,kr_1020247005317__42-4-2__r1
kr_1020247007967,29-2-,Rejection_Inventiveness,1,의견제출통지서,2024-04-04,kr_1020247007967__29-2-__r1
kr_1020247007967,29-2-,Rejection_Inventiveness,2,거절결정서,2024-10-11,kr_1020247007967__29-2-__r2
kr_1020247011010,29-2-,Rejection_Inventiveness,1,의견제출통지서,2024-08-23,kr_1020247011010__29-2-__r1
kr_1020247011010,29-2-,Rejection_Inventiveness,2,거절결정서,2025-02-17,kr_1020247011010__29-2-__r2
kr_1020247018636,29-2-,Rejection_Inventiveness,1,의견제출통지서,2025-07-09,kr_1020247018636__29-2-__r1
kr_1020247018636,29-2-,Rejection_Inventiveness,2,거절결정서,2026-01-15,kr_1020247018636__29-2-__r2
kr_1020247018636,42-3-1,Rejection_Disclosure,1,의견제출통지서,2025-07-09,kr_1020247018636__42-3-1__r1
kr_1020247018636,42-4-2,Rejection_ClaimRequirements,1,의견제출통지서,2025-07-09,kr_1020247018636__42-4-2__r1
kr_1020247029100,29-1-2,Rejection_Novelty,1,의견제출통지서,2025-03-18,kr_1020247029100__29-1-2__r1
kr_1020247029100,29-1-2,Rejection_Novelty,2,거절결정서,2025-10-27,kr_1020247029100__29-1-2__r2
kr_1020247029100,29-2-,Rejection_Inventiveness,1,의견제출통지서,2025-03-18,kr_1020247029100__29-2-__r1
kr_1020247029100,29-2-,Rejection_Inventiveness,2,거절결정서,2025-10-27,kr_1020247029100__29-2-__r2
kr_1020250052273,29-1-2,Rejection_Novelty,1,의견제출통지서,2025-11-10,kr_1020250052273__29-1-2__r1
kr_1020250052273,29-2-,Rejection_Inventiveness,1,의견제출통지서,2025-11-10,kr_1020250052273__29-2-__r1
kr_1020250052273,42-8-,Rejection_ClaimFormat,1,의견제출통지서,2025-11-10,kr_1020250052273__42-8-__r1
kr_1020257006681,29-2-,Rejection_Inventiveness,1,의견제출통지서,2025-08-04,kr_1020257006681__29-2-__r1
kr_1020257006681,42-4-2,Rejection_ClaimRequirements,1,의견제출통지서,2025-08-04,kr_1020257006681__42-4-2__r1
kr_1020257012412,29-2-,Rejection_Inventiveness,1,의견제출통지서,2025-09-29,kr_1020257012412__29-2-__r1
kr_1020257012412,42-4-2,Rejection_ClaimRequirements,1,의견제출통지서,2025-09-29,kr_1020257012412__42-4-2__r1
kr_1020257021972,29-1-2,Rejection_Novelty,1,의견제출통지서,2025-12-08,kr_1020257021972__29-1-2__r1
kr_1020257021972,29-2-,Rejection_Inventiveness,1,의견제출통지서,2025-12-08,kr_1020257021972__29-2-__r1
kr_1020257021972,42-4-2,Rejection_ClaimRequirements,1,의견제출통지서,2025-12-08,kr_1020257021972__42-4-2__r1
